Against,Team,IDGAME,Phase,Player,MIN,PTS,F2M,F2A,F2GP,F3M,F3A,F3GP,FTM,FTA,FTP,OR,DR,TR,AS,ST,TO,BLK,BLKR,PF,RF,PIR,HA,results,Team_PTS,Team_F2A,Team_F3A,Team_FTA,Team_F2M,Team_F3M,Team_FTM,Team_AS,Team_OR,Team_DR,Team_TR,Team_ST,Team_TO,Team_BLK,Team_PF,Team_PIR,Team_opp_PTS,Team_opp_F2A,Team_opp_F3A,Team_opp_FTA,Team_opp_F2M,Team_opp_F3M,Team_opp_FTM,Team_opp_AS,Team_opp_OR,Team_opp_DR,Team_opp_TR,Team_opp_ST,Team_opp_TO,Team_opp_BLK,Team_opp_PF,Team_opp_PIR,Points_per_shoot,Possesions,Offensive_rating,PIE,Assists_Ratio,As_To_ratio,EFG,FT_ratio,Game_score,True_shooting,Turnover_ratio,Usage,OR_percent,Season
ZAL,CRV,1_1,Regular Season,Johnathan  Motley,14.0,2,1,5,20.0,0,2,0.0,0,0,,0,0,0,2,0,6,0,0,5,0,-13,H,L,77,44,29,19,17,10,13,21,14,20,34,7,14,3,26,66,83,43,20,27,20,8,19,18,10,30,40,8,15,6,21,99,0.29,12.5,16.0,-0.12,16.0,0.3,14.3,0.0,-9.1,14.3,48.0,7.8,0.0,2026-2027
ZAL,CRV,1_1,Regular Season,Chris  Jones,19.0,15,5,6,83.3,1,2,50.0,2,2,100.0,1,1,2,8,2,0,0,0,1,1,25,H,L,77,44,29,19,17,10,13,21,14,20,34,7,14,3,26,66,83,43,20,27,20,8,19,18,10,30,40,8,15,6,21,99,1.5,7.6,197.4,0.21,105.3,inf,81.2,0.25,20.0,84.5,0.0,3.9,4.2,2026-2027
ZAL,CRV,1_1,Regular Season,Stefan  Miljenovic,,0,0,0,,0,0,,0,0,,0,0,0,0,0,0,0,0,1,0,-1,H,L,77,44,29,19,17,10,13,21,14,20,34,7,14,3,26,66,83,43,20,27,20,8,19,18,10,30,40,8,15,6,21,99,,0.0,,-0.01,,,,,-0.4,,,,0.0,2026-2027
ZAL,CRV,1_1,Regular Season,Nick  Weiler-Babb,21.0,0,0,3,0.0,0,1,0.0,0,0,,1,2,3,3,1,4,0,2,2,1,-4,H,L,77,44,29,19,17,10,13,21,14,20,34,7,14,3,26,66,83,43,20,27,20,8,19,18,10,30,40,8,15,6,21,99,0.0,6.7,0.0,-0.03,44.8,0.8,0.0,0.0,-3.2,0.0,59.7,3.2,4.2,2026-2027
ZAL,CRV,1_1,Regular Season,Jared  Butler,17.0,11,1,4,25.0,3,7,42.9,0,0,,1,1,2,4,0,1,1,0,1,2,11,H,L,77,44,29,19,17,10,13,21,14,20,34,7,14,3,26,66,83,43,20,27,20,8,19,18,10,30,40,8,15,6,21,99,1.0,10.6,103.8,0.07,37.7,4.0,50.0,0.0,8.0,50.0,9.43,5.9,4.2,2026-2027
ZAL,CRV,1_1,Regular Season,Tyson  Carter,16.0,3,0,1,0.0,1,3,33.3,0,0,,0,3,3,0,1,1,0,1,1,2,3,H,L,77,44,29,19,17,10,13,21,14,20,34,7,14,3,26,66,83,43,20,27,20,8,19,18,10,30,40,8,15,6,21,99,0.75,4.8,62.5,0.02,0.0,0.0,37.5,0.0,1.1,37.5,20.83,2.6,0.0,2026-2027
ZAL,CRV,1_1,Regular Season,Ognjen  Dobric,5.0,0,0,0,,0,1,0.0,0,0,,1,0,1,0,0,0,0,0,1,0,-1,H,L,77,44,29,19,17,10,13,21,14,20,34,7,14,3,26,66,83,43,20,27,20,8,19,18,10,30,40,8,15,6,21,99,0.0,0.0,,-0.01,,,0.0,0.0,-0.4,0.0,,1.7,4.2,2026-2027
ZAL,CRV,1_1,Regular Season,Izundu  Ebuka,15.0,7,2,6,33.3,0,0,,3,4,75.0,4,0,4,0,2,0,1,0,3,3,9,H,L,77,44,29,19,17,10,13,21,14,20,34,7,14,3,26,66,83,43,20,27,20,8,19,18,10,30,40,8,15,6,21,99,0.7,3.6,194.4,0.03,0.0,,33.3,0.67,7.5,45.1,0.0,4.3,16.7,2026-2027
ZAL,CRV,1_1,Regular Season,Jordan  Nwora,22.0,10,3,8,37.5,0,1,0.0,4,6,66.7,1,4,5,1,0,1,0,2,1,4,8,H,L,77,44,29,19,17,10,13,21,14,20,34,7,14,3,26,66,83,43,20,27,20,8,19,18,10,30,40,8,15,6,21,99,0.67,11.2,89.3,0.05,8.9,1.0,33.3,0.67,5.3,43.0,8.93,4.8,4.2,2026-2027
ZAL,CRV,1_1,Regular Season,Semi  Ojeleye,24.0,9,1,4,25.0,2,3,66.7,1,3,33.3,2,5,7,1,0,1,0,1,4,4,9,H,L,77,44,29,19,17,10,13,21,14,20,34,7,14,3,26,66,83,43,20,27,20,8,19,18,10,30,40,8,15,6,21,99,0.9,7.0,128.6,0.05,14.3,1.0,57.1,0.43,5.5,54.1,14.29,3.3,8.3,2026-2027
ZAL,CRV,1_1,Regular Season,David  Kramer,20.0,11,0,2,0.0,3,5,60.0,2,2,100.0,0,4,4,1,1,0,0,0,4,1,10,H,L,77,44,29,19,17,10,13,21,14,20,34,7,14,3,26,66,83,43,20,27,20,8,19,18,10,30,40,8,15,6,21,99,1.22,7.6,144.7,0.08,13.2,inf,64.3,0.29,8.6,69.8,0.0,3.3,0.0,2026-2027
ZAL,CRV,1_1,Regular Season,Chima  Moneke,26.0,9,4,5,80.0,0,4,0.0,1,2,50.0,3,0,3,1,0,0,1,0,2,4,10,H,L,77,44,29,19,17,10,13,21,14,20,34,7,14,3,26,66,83,43,20,27,20,8,19,18,10,30,40,8,15,6,21,99,0.82,6.6,136.4,0.04,15.2,inf,44.4,0.22,6.6,45.5,0.0,3.2,12.5,2026-2027
CRV,ZAL,1_1,Regular Season,Sterling  Brown,16.0,10,0,0,,2,3,66.7,4,4,100.0,0,2,2,0,0,0,1,0,3,2,11,A,W,83,43,20,27,20,8,19,18,10,30,40,8,15,6,21,99,77,44,29,19,17,10,13,21,14,20,34,7,14,3,26,66,1.43,4.6,217.4,0.08,0.0,,100.0,1.33,8.8,105.0,0.0,2.6,0.0,2026-2027
CRV,ZAL,1_1,Regular Season,Nigel  Williams-Goss,25.0,14,5,11,45.5,1,2,50.0,1,1,100.0,0,2,2,6,2,3,0,1,1,2,14,A,W,83,43,20,27,20,8,19,18,10,30,40,8,15,6,21,99,77,44,29,19,17,10,13,21,14,20,34,7,14,3,26,66,1.0,15.8,88.6,0.12,38.0,2.0,50.0,0.08,10.7,52.1,18.99,5.9,0.0,2026-2027
CRV,ZAL,1_1,Regular Season,Carsen  Edwards,15.0,13,2,5,40.0,2,6,33.3,3,3,100.0,0,0,0,0,2,1,0,1,3,1,4,A,W,83,43,20,27,20,8,19,18,10,30,40,8,15,6,21,99,77,44,29,19,17,10,13,21,14,20,34,7,14,3,26,66,0.93,12.8,101.6,0.04,0.0,0.0,45.5,0.27,6.7,52.8,7.81,7.9,0.0,2026-2027
CRV,ZAL,1_1,Regular Season,Dovydas  Giedraitis,2.0,0,0,0,,0,0,,0,0,,0,0,0,0,0,1,0,0,0,1,0,A,W,83,43,20,27,20,8,19,18,10,30,40,8,15,6,21,99,77,44,29,19,17,10,13,21,14,20,34,7,14,3,26,66,,1.0,0.0,-0.01,0.0,0.0,,,-1.0,,100.0,4.5,0.0,2026-2027
CRV,ZAL,1_1,Regular Season,Azuolas  Tubelis,27.0,10,4,8,50.0,0,2,0.0,2,4,50.0,3,9,12,4,1,1,1,0,0,4,23,A,W,83,43,20,27,20,8,19,18,10,30,40,8,15,6,21,99,77,44,29,19,17,10,13,21,14,20,34,7,14,3,26,66,0.71,9.4,106.4,0.16,42.6,4.0,40.0,0.4,12.1,42.5,10.64,4.2,12.5,2026-2027
CRV,ZAL,1_1,Regular Season,Maodo  Lo,12.0,3,0,1,0.0,1,2,50.0,0,0,,0,4,4,3,0,3,0,1,1,1,4,A,W,83,43,20,27,20,8,19,18,10,30,40,8,15,6,21,99,77,44,29,19,17,10,13,21,14,20,34,7,14,3,26,66,1.0,5.8,51.7,0.04,51.7,1.0,50.0,0.0,1.2,50.0,51.72,4.5,0.0,2026-2027
CRV,ZAL,1_1,Regular Season,Dustin  Sleva,14.0,7,0,0,,2,3,66.7,1,4,25.0,2,1,3,0,1,0,0,0,3,2,6,A,W,83,43,20,27,20,8,19,18,10,30,40,8,15,6,21,99,77,44,29,19,17,10,13,21,14,20,34,7,14,3,26,66,1.0,2.6,269.2,0.03,0.0,,100.0,1.33,6.0,73.5,0.0,3.0,8.3,2026-2027
CRV,ZAL,1_1,Regular Season,Jonas  Valanciunas,22.0,13,6,9,66.7,0,0,,1,1,100.0,1,7,8,2,0,1,3,0,1,3,24,A,W,83,43,20,27,20,8,19,18,10,30,40,8,15,6,21,99,77,44,29,19,17,10,13,21,14,20,34,7,14,3,26,66,1.3,9.1,142.9,0.17,22.0,2.0,66.7,0.11,14.0,68.9,10.99,4.2,4.2,2026-2027
CRV,ZAL,1_1,Regular Season,Marek  Blazevic,13.0,5,2,4,50.0,0,0,,1,2,50.0,0,2,2,0,0,3,0,0,3,2,0,A,W,83,43,20,27,20,8,19,18,10,30,40,8,15,6,21,99,77,44,29,19,17,10,13,21,14,20,34,7,14,3,26,66,0.83,7.6,65.8,-0.02,0.0,0.0,50.0,0.5,-1.0,51.2,39.47,5.4,0.0,2026-2027
CRV,ZAL,1_1,Regular Season,Marius  Grigonis,12.0,2,1,4,25.0,0,1,0.0,0,0,,0,0,0,2,0,1,1,0,1,1,0,A,W,83,43,20,27,20,8,19,18,10,30,40,8,15,6,21,99,77,44,29,19,17,10,13,21,14,20,34,7,14,3,26,66,0.4,5.8,34.5,-0.01,34.5,2.0,20.0,0.0,-0.4,20.0,17.24,4.5,0.0,2026-2027
CRV,ZAL,1_1,Regular Season,Arnas  Butkevicius,24.0,0,0,0,,0,0,,0,0,,4,2,6,1,2,0,0,0,4,1,6,A,W,83,43,20,27,20,8,19,18,10,30,40,8,15,6,21,99,77,44,29,19,17,10,13,21,14,20,34,7,14,3,26,66,,-3.8,-0.0,0.03,-26.3,inf,,,4.5,,-0.0,0.0,16.7,2026-2027
CRV,ZAL,1_1,Regular Season,Edgaras  Ulanovas,16.0,6,0,1,0.0,0,1,0.0,6,8,75.0,0,1,1,0,0,1,0,0,1,6,7,A,W,83,43,20,27,20,8,19,18,10,30,40,8,15,6,21,99,77,44,29,19,17,10,13,21,14,20,34,7,14,3,26,66,0.6,6.3,95.2,0.01,0.0,0.0,0.0,4.0,2.7,54.3,15.87,3.6,0.0,2026-2027
RMB,DUB,1_2,Regular Season,Elie  Okobo,30.0,8,4,6,66.7,0,2,0.0,0,0,,1,3,4,4,1,1,0,0,2,1,11,H,W,78,40,28,18,17,10,14,17,14,25,39,3,12,5,15,82,77,50,18,11,25,6,9,13,8,19,27,5,7,5,17,74,1.0,7.7,103.9,0.08,51.9,4.0,50.0,0.0,7.6,50.0,12.99,2.7,4.5,2026-2027
RMB,DUB,1_2,Regular Season,Dwayne  Bacon,29.0,24,9,11,81.8,0,2,0.0,6,7,85.7,1,4,5,4,0,1,0,0,1,5,31,H,W,78,40,28,18,17,10,14,17,14,25,39,3,12,5,15,82,77,50,18,11,25,6,9,13,8,19,27,5,7,5,17,74,1.2,15.4,155.8,0.22,26.0,4.0,69.2,0.54,21.4,74.6,6.49,5.4,4.5,2026-2027
RMB,DUB,1_2,Regular Season,Jaron  Blossomgame,6.0,0,0,0,,0,0,,0,0,,1,0,1,0,0,0,1,0,0,1,3,H,W,78,40,28,18,17,10,14,17,14,25,39,3,12,5,15,82,77,50,18,11,25,6,9,13,8,19,27,5,7,5,17,74,,-1.0,-0.0,0.01,-0.0,,,,1.4,,-0.0,0.0,4.5,2026-2027
RMB,DUB,1_2,Regular Season,Davion  Mintz,10.0,3,0,1,0.0,1,4,25.0,0,0,,1,0,1,0,0,1,1,1,0,0,-1,H,W,78,40,28,18,17,10,14,17,14,25,39,3,12,5,15,82,77,50,18,11,25,6,9,13,8,19,27,5,7,5,17,74,0.6,4.8,62.5,-0.01,0.0,0.0,30.0,0.0,0.3,30.0,20.83,5.5,4.5,2026-2027
RMB,DUB,1_2,Regular Season,Davis  Bertans,11.0,3,0,0,,1,2,50.0,0,0,,0,0,0,0,1,0,0,0,2,0,1,H,W,78,40,28,18,17,10,14,17,14,25,39,3,12,5,15,82,77,50,18,11,25,6,9,13,8,19,27,5,7,5,17,74,1.5,1.9,157.9,0.01,0.0,,75.0,0.0,2.2,75.0,0.0,1.7,0.0,2026-2027
RMB,DUB,1_2,Regular Season,Mfiondu  Kabengele,24.0,9,0,4,0.0,2,6,33.3,3,4,75.0,1,6,7,3,0,2,2,1,0,3,12,H,W,78,40,28,18,17,10,14,17,14,25,39,3,12,5,15,82,77,50,18,11,25,6,9,13,8,19,27,5,7,5,17,74,0.64,12.2,73.8,0.07,24.6,1.5,30.0,0.4,6.4,38.3,16.39,5.2,4.5,2026-2027
RMB,DUB,1_2,Regular Season,Mamadi  Diakite,16.0,6,0,1,0.0,2,3,66.7,0,0,,0,2,2,1,1,0,1,0,3,1,7,H,W,78,40,28,18,17,10,14,17,14,25,39,3,12,5,15,82,77,50,18,11,25,6,9,13,8,19,27,5,7,5,17,74,1.5,3.8,157.9,0.05,26.3,inf,75.0,0.0,5.8,75.0,0.0,2.3,0.0,2026-2027
RMB,DUB,1_2,Regular Season,Tornike  Shengelia,15.0,5,0,6,0.0,1,3,33.3,2,2,100.0,5,3,8,0,0,2,0,0,2,2,3,H,W,78,40,28,18,17,10,14,17,14,25,39,3,12,5,15,82,77,50,18,11,25,6,9,13,8,19,27,5,7,5,17,74,0.45,6.6,75.8,-0.01,0.0,0.0,16.7,0.22,0.7,25.3,30.3,7.2,22.7,2026-2027
RMB,DUB,1_2,Regular Season,Mckinley  Wright Iv,24.0,12,3,6,50.0,1,2,50.0,3,5,60.0,2,3,5,3,0,3,0,1,3,2,9,H,W,78,40,28,18,17,10,14,17,14,25,39,3,12,5,15,82,77,50,18,11,25,6,9,13,8,19,27,5,7,5,17,74,0.92,10.8,111.1,0.06,27.8,1.0,56.2,0.62,7.4,58.8,27.78,5.0,9.1,2026-2027
RMB,DUB,1_2,Regular Season,Filip  Petrusev,19.0,3,0,3,0.0,1,1,100.0,0,0,,2,4,6,2,0,0,0,1,1,2,8,H,W,78,40,28,18,17,10,14,17,14,25,39,3,12,5,15,82,77,50,18,11,25,6,9,13,8,19,27,5,7,5,17,74,0.75,1.9,157.9,0.05,105.3,inf,37.5,0.0,4.2,37.5,0.0,1.9,9.1,2026-2027
RMB,DUB,1_2,Regular Season,Thomas  Walkup,16.0,5,1,2,50.0,1,3,33.3,0,0,,0,0,0,0,0,2,0,1,1,0,-2,H,W,78,40,28,18,17,10,14,17,14,25,39,3,12,5,15,82,77,50,18,11,25,6,9,13,8,19,27,5,7,5,17,74,1.0,6.7,74.6,-0.01,0.0,0.0,50.0,0.0,-0.1,50.0,29.85,4.0,0.0,2026-2027
DUB,RMB,1_2,Regular Season,Timothe  Luwawu-Cabarrot,21.0,11,3,6,50.0,1,3,33.3,2,2,100.0,0,0,0,0,1,0,0,1,2,1,5,A,L,77,50,18,11,25,6,9,13,8,19,27,5,7,5,17,74,78,40,28,18,17,10,14,17,14,25,39,3,12,5,15,82,1.0,9.5,115.8,0.04,0.0,,50.0,0.22,6.5,55.7,0.0,4.7,0.0,2026-2027
DUB,RMB,1_2,Regular Season,Jaime  Pradilla,20.0,5,1,2,50.0,1,2,50.0,0,0,,0,2,2,0,1,0,0,0,1,1,6,A,L,77,50,18,11,25,6,9,13,8,19,27,5,7,5,17,74,78,40,28,18,17,10,14,17,14,25,39,3,12,5,15,82,1.25,3.8,131.6,0.04,0.0,,62.5,0.0,4.2,62.5,0.0,2.0,0.0,2026-2027
DUB,RMB,1_2,Regular Season,Alberto  Abalde,15.0,3,0,3,0.0,1,2,50.0,0,0,,0,0,0,1,0,0,0,0,1,0,-1,A,L,77,50,18,11,25,6,9,13,8,19,27,5,7,5,17,74,78,40,28,18,17,10,14,17,14,25,39,3,12,5,15,82,0.6,4.8,62.5,-0.01,20.8,inf,30.0,0.0,0.2,30.0,0.0,3.3,0.0,2026-2027
DUB,RMB,1_2,Regular Season,Facundo  Campazzo,18.0,6,2,5,40.0,0,3,0.0,2,2,100.0,0,2,2,2,1,1,0,0,1,4,7,A,L,77,50,18,11,25,6,9,13,8,19,27,5,7,5,17,74,78,40,28,18,17,10,14,17,14,25,39,3,12,5,15,82,0.6,9.5,63.2,0.03,21.1,2.0,25.0,0.25,2.8,33.8,10.53,5.5,0.0,2026-2027
DUB,RMB,1_2,Regular Season,Gabriele  Procida,4.0,0,0,0,,0,0,,0,0,,0,1,1,0,0,0,0,0,0,0,1,A,L,77,50,18,11,25,6,9,13,8,19,27,5,7,5,17,74,78,40,28,18,17,10,14,17,14,25,39,3,12,5,15,82,,0.0,,0.01,,,,,0.3,,,0.0,0.0,2026-2027
DUB,RMB,1_2,Regular Season,Theo  Maledon,22.0,11,4,8,50.0,0,1,0.0,3,4,75.0,0,4,4,6,1,0,1,1,3,3,16,A,L,77,50,18,11,25,6,9,13,8,19,27,5,7,5,17,74,78,40,28,18,17,10,14,17,14,25,39,3,12,5,15,82,0.85,10.3,106.8,0.11,58.3,inf,44.4,0.44,11.8,51.1,0.0,4.9,0.0,2026-2027
DUB,RMB,1_2,Regular Season,Gabriel  Deck,16.0,0,0,0,,0,2,0.0,0,0,,0,1,1,0,0,1,0,0,1,1,-2,A,L,77,50,18,11,25,6,9,13,8,19,27,5,7,5,17,74,78,40,28,18,17,10,14,17,14,25,39,3,12,5,15,82,0.0,2.9,0.0,-0.03,0.0,0.0,0.0,0.0,-2.5,0.0,34.48,1.9,0.0,2026-2027
DUB,RMB,1_2,Regular Season,Mikael  Jantunen,20.0,10,2,2,100.0,2,3,66.7,0,0,,0,1,1,0,0,0,1,0,2,1,10,A,L,77,50,18,11,25,6,9,13,8,19,27,5,7,5,17,74,78,40,28,18,17,10,14,17,14,25,39,3,12,5,15,82,2.0,4.8,208.3,0.07,0.0,,100.0,0.0,8.3,100.0,0.0,2.5,0.0,2026-2027
DUB,RMB,1_2,Regular Season,Walter  Tavares,21.0,8,4,7,57.1,0,0,,0,0,,2,2,4,0,1,2,1,2,4,2,5,A,L,77,50,18,11,25,6,9,13,8,19,27,5,7,5,17,74,78,40,28,18,17,10,14,17,14,25,39,3,12,5,15,82,1.14,6.7,119.4,0.03,0.0,0.0,57.1,0.0,4.8,57.1,29.85,4.3,9.1,2026-2027
DUB,RMB,1_2,Regular Season,Andres  Feliz,23.0,9,3,9,33.3,1,2,50.0,0,0,,1,4,5,4,0,2,1,1,1,0,8,A,L,77,50,18,11,25,6,9,13,8,19,27,5,7,5,17,74,78,40,28,18,17,10,14,17,14,25,39,3,12,5,15,82,0.82,11.5,78.3,0.07,34.8,2.0,40.9,0.0,5.9,40.9,17.39,5.7,4.5,2026-2027
DUB,RMB,1_2,Regular Season,Damian  Jones,15.0,10,5,7,71.4,0,0,,0,0,,4,1,5,0,0,1,1,0,1,0,12,A,L,77,50,18,11,25,6,9,13,8,19,27,5,7,5,17,74,78,40,28,18,17,10,14,17,14,25,39,3,12,5,15,82,1.43,3.8,263.2,0.08,0.0,0.0,71.4,0.0,9.5,71.4,26.32,5.3,18.2,2026-2027
DUB,RMB,1_2,Regular Season,Olivier  Sarr,4.0,4,1,1,100.0,0,0,,2,3,66.7,1,1,2,0,0,0,0,0,0,2,7,A,L,77,50,18,11,25,6,9,13,8,19,27,5,7,5,17,74,78,40,28,18,17,10,14,17,14,25,39,3,12,5,15,82,1.0,1.3,307.7,0.04,0.0,,100.0,3.0,4.3,86.2,0.0,5.8,4.5,2026-2027
BAY,HTA,1_3,Regular Season,Jacob  Toppin,23.0,11,4,5,80.0,1,1,100.0,0,0,,2,1,3,0,2,0,1,0,2,0,14,H,L,84,43,26,13,25,7,13,13,10,22,32,7,14,4,18,92,86,39,24,19,21,9,17,20,8,21,29,10,12,1,22,91,1.83,3.8,289.5,0.09,0.0,,91.7,0.0,12.4,91.7,0.0,2.4,11.1,2026-2027
BAY,HTA,1_3,Regular Season,Eugene  German,13.0,8,1,3,33.3,2,4,50.0,0,0,,0,0,0,0,0,1,0,0,1,0,2,H,L,84,43,26,13,25,7,13,13,10,22,32,7,14,4,18,92,86,39,24,19,21,9,17,20,8,21,29,10,12,1,22,91,1.14,7.7,103.9,0.01,0.0,0.0,57.1,0.0,2.9,57.1,12.99,5.5,0.0,2026-2027
BAY,HTA,1_3,Regular Season,Antonio  Blakeney,27.0,11,2,4,50.0,2,8,25.0,1,1,100.0,0,2,2,2,0,1,0,0,1,2,7,H,L,84,43,26,13,25,7,13,13,10,22,32,7,14,4,18,92,86,39,24,19,21,9,17,20,8,21,29,10,12,1,22,91,0.85,12.9,85.3,0.04,15.5,2.0,41.7,0.08,4.8,44.2,7.75,4.5,0.0,2026-2027
BAY,HTA,1_3,Regular Season,Elijah  Bryant,29.0,10,4,5,80.0,0,4,0.0,2,2,100.0,0,2,2,3,0,2,0,0,2,7,13,H,L,84,43,26,13,25,7,13,13,10,22,32,7,14,4,18,92,86,39,24,19,21,9,17,20,8,21,29,10,12,1,22,91,0.91,11.4,87.7,0.04,26.3,1.5,44.4,0.22,5.2,50.6,17.54,3.7,0.0,2026-2027
BAY,HTA,1_3,Regular Season,Ish  Wainright,17.0,2,1,3,33.3,0,2,0.0,0,0,,2,2,4,1,2,2,1,0,1,1,4,H,L,84,43,26,13,25,7,13,13,10,22,32,7,14,4,18,92,86,39,24,19,21,9,17,20,8,21,29,10,12,1,22,91,0.4,4.8,41.7,0.01,20.8,0.5,20.0,0.0,1.9,20.0,41.67,3.7,11.1,2026-2027
BAY,HTA,1_3,Regular Season,Tomas  Satoransky,16.0,0,0,1,0.0,0,0,,0,0,,0,2,2,1,0,1,0,0,1,0,0,H,L,84,43,26,13,25,7,13,13,10,22,32,7,14,4,18,92,86,39,24,19,21,9,17,20,8,21,29,10,12,1,22,91,0.0,1.9,0.0,0.0,52.6,1.0,0.0,0.0,-0.8,0.0,52.63,1.1,0.0,2026-2027
BAY,HTA,1_3,Regular Season,Zach  Leday,12.0,8,1,3,33.3,1,2,50.0,3,3,100.0,1,3,4,0,0,0,0,0,0,4,13,H,L,84,43,26,13,25,7,13,13,10,22,32,7,14,4,18,92,86,39,24,19,21,9,17,20,8,21,29,10,12,1,22,91,1.0,5.1,156.9,0.06,0.0,,50.0,0.6,6.9,63.3,0.0,4.7,5.6,2026-2027
BAY,HTA,1_3,Regular Season,Tai  Odiase,6.0,0,0,0,,0,0,,0,0,,0,1,1,0,1,1,0,0,2,2,1,H,L,84,43,26,13,25,7,13,13,10,22,32,7,14,4,18,92,86,39,24,19,21,9,17,20,8,21,29,10,12,1,22,91,,1.0,0.0,-0.01,0.0,0.0,,,-0.5,,100.0,1.5,0.0,2026-2027
BAY,HTA,1_3,Regular Season,Vasilije  Micic,26.0,14,2,8,25.0,1,5,20.0,7,7,100.0,0,2,2,3,0,3,0,1,4,5,6,H,L,84,43,26,13,25,7,13,13,10,22,32,7,14,4,18,92,86,39,24,19,21,9,17,20,8,21,29,10,12,1,22,91,0.7,18.3,76.5,0.01,16.4,1.0,26.9,0.54,4.2,43.5,16.39,6.6,0.0,2026-2027
BAY,HTA,1_3,Regular Season,Daniel  Oturu,29.0,20,10,11,90.9,0,0,,0,0,,5,7,12,3,2,3,2,0,4,1,32,H,L,84,43,26,13,25,7,13,13,10,22,32,7,14,4,18,92,86,39,24,19,21,9,17,20,8,21,29,10,12,1,22,91,1.82,8.6,232.6,0.2,34.9,1.0,90.9,0.0,22.8,90.9,34.88,4.4,27.8,2026-2027
HTA,BAY,1_3,Regular Season,Miles  Norris,22.0,4,2,2,100.0,0,2,0.0,0,0,,2,2,4,0,1,3,1,0,3,0,2,A,W,86,39,24,19,21,9,17,20,8,21,29,10,12,1,22,91,84,43,26,13,25,7,13,13,10,22,32,7,14,4,18,92,1.0,4.8,83.3,0.0,0.0,0.0,50.0,0.0,1.5,50.0,62.5,3.1,11.1,2026-2027
HTA,BAY,1_3,Regular Season,Oscar  Da Silva,9.0,0,0,0,,0,1,0.0,0,0,,0,0,0,1,0,0,0,0,0,1,1,A,W,86,39,24,19,21,9,17,20,8,21,29,10,12,1,22,91,84,43,26,13,25,7,13,13,10,22,32,7,14,4,18,92,0.0,1.0,0.0,0.0,100.0,inf,0.0,0.0,0.0,0.0,0.0,1.1,0.0,2026-2027
HTA,BAY,1_3,Regular Season,Marjon  Beauchamp,22.0,8,1,6,16.7,2,3,66.7,0,0,,0,3,3,2,3,2,0,1,3,1,5,A,W,86,39,24,19,21,9,17,20,8,21,29,10,12,1,22,91,84,43,26,13,25,7,13,13,10,22,32,7,14,4,18,92,0.89,10.6,75.5,0.04,18.9,1.0,44.4,0.0,5.0,44.4,18.87,4.8,0.0,2026-2027
HTA,BAY,1_3,Regular Season,Johannes  Voigtmann,19.0,10,1,1,100.0,2,3,66.7,2,2,100.0,2,3,5,3,0,0,0,0,1,1,17,A,W,86,39,24,19,21,9,17,20,8,21,29,10,12,1,22,91,84,43,26,13,25,7,13,13,10,22,32,7,14,4,18,92,1.67,2.8,357.1,0.11,107.1,inf,100.0,0.5,12.4,102.5,0.0,2.5,11.1,2026-2027
HTA,BAY,1_3,Regular Season,Tobias  Jensen,16.0,5,1,2,50.0,0,1,0.0,3,3,100.0,1,0,1,1,2,2,0,0,1,2,6,A,W,86,39,24,19,21,9,17,20,8,21,29,10,12,1,22,91,84,43,26,13,25,7,13,13,10,22,32,7,14,4,18,92,0.83,5.1,98.0,0.03,19.6,0.5,33.3,1.0,4.3,57.9,39.22,3.8,5.6,2026-2027
HTA,BAY,1_3,Regular Season,Justinian  Jessup,15.0,11,2,3,66.7,2,4,50.0,1,1,100.0,0,0,0,0,1,0,0,1,0,1,9,A,W,86,39,24,19,21,9,17,20,8,21,29,10,12,1,22,91,84,43,26,13,25,7,13,13,10,22,32,7,14,4,18,92,1.38,7.1,154.9,0.07,0.0,,71.4,0.14,8.7,73.9,0.0,4.8,0.0,2026-2027
HTA,BAY,1_3,Regular Season,Vladimir  Lucic,10.0,0,0,1,0.0,0,0,,0,0,,0,1,1,1,0,0,0,0,1,1,1,A,W,86,39,24,19,21,9,17,20,8,21,29,10,12,1,22,91,84,43,26,13,25,7,13,13,10,22,32,7,14,4,18,92,0.0,1.0,0.0,0.0,100.0,inf,0.0,0.0,-0.1,0.0,0.0,1.0,0.0,2026-2027
HTA,BAY,1_3,Regular Season,Andreas  Obst,28.0,19,4,5,80.0,3,6,50.0,2,3,66.7,0,2,2,2,0,0,0,0,2,3,19,A,W,86,39,24,19,21,9,17,20,8,21,29,10,12,1,22,91,84,43,26,13,25,7,13,13,10,22,32,7,14,4,18,92,1.36,11.8,161.0,0.12,16.9,inf,77.3,0.27,14.9,77.1,0.0,4.2,0.0,2026-2027
HTA,BAY,1_3,Regular Season,Justus  Hollatz,10.0,2,1,2,50.0,0,2,0.0,0,0,,0,0,0,3,1,0,0,0,4,0,-1,A,W,86,39,24,19,21,9,17,20,8,21,29,10,12,1,22,91,84,43,26,13,25,7,13,13,10,22,32,7,14,4,18,92,0.5,3.8,52.6,-0.01,78.9,inf,25.0,0.0,1.1,25.0,0.0,3.8,0.0,2026-2027
HTA,BAY,1_3,Regular Season,Rokas  Jokubaitis,19.0,6,2,7,28.6,0,0,,2,2,100.0,0,1,1,6,1,1,0,1,1,2,8,A,W,86,39,24,19,21,9,17,20,8,21,29,10,12,1,22,91,84,43,26,13,25,7,13,13,10,22,32,7,14,4,18,92,0.67,8.5,70.6,0.05,70.6,6.0,28.6,0.29,6.0,38.1,11.76,4.5,0.0,2026-2027
HTA,BAY,1_3,Regular Season,Johannes  Thiemann,19.0,15,5,6,83.3,0,2,0.0,5,6,83.3,2,5,7,1,0,2,0,0,2,5,20,A,W,86,39,24,19,21,9,17,20,8,21,29,10,12,1,22,91,84,43,26,13,25,7,13,13,10,22,32,7,14,4,18,92,1.07,10.2,147.1,0.1,9.8,0.5,62.5,0.75,11.8,70.5,19.61,6.4,11.1,2026-2027
HTA,BAY,1_3,Regular Season,Austin  Wiley,11.0,6,2,4,50.0,0,0,,2,2,100.0,1,4,5,0,1,2,0,1,4,1,4,A,W,86,39,24,19,21,9,17,20,8,21,29,10,12,1,22,91,84,43,26,13,25,7,13,13,10,22,32,7,14,4,18,92,1.0,5.6,107.1,0.03,0.0,0.0,50.0,0.5,3.3,61.5,35.71,6.0,5.6,2026-2027
EFE,BAR,1_4,Regular Season,Kevin  Punter,25.0,19,5,9,55.6,2,3,66.7,3,3,100.0,0,1,1,1,2,1,0,0,0,5,22,H,W,89,35,29,14,21,12,11,14,9,19,28,4,11,3,19,91,82,41,20,25,24,4,22,16,8,22,30,5,11,1,18,86,1.27,13.7,138.7,0.13,7.3,1.0,66.7,0.25,15.4,71.3,7.3,5.6,0.0,2026-2027
EFE,BAR,1_4,Regular Season,Umoja  Gibson,18.0,10,2,2,100.0,2,4,50.0,0,0,,2,4,6,2,0,0,0,0,1,0,15,H,W,89,35,29,14,21,12,11,14,9,19,28,4,11,3,19,91,82,41,20,25,24,4,22,16,8,22,30,5,11,1,18,86,1.67,3.8,263.2,0.11,52.6,inf,83.3,0.0,11.0,83.3,0.0,3.3,11.8,2026-2027
EFE,BAR,1_4,Regular Season,Tyrese  Martin,17.0,3,0,2,0.0,1,4,25.0,0,0,,1,2,3,2,0,3,0,0,2,0,-2,H,W,89,35,29,14,21,12,11,14,9,19,28,4,11,3,19,91,82,41,20,25,24,4,22,16,8,22,30,5,11,1,18,86,0.5,7.7,39.0,-0.02,26.0,0.7,25.0,0.0,-1.9,25.0,38.96,5.2,5.9,2026-2027
EFE,BAR,1_4,Regular Season,Stanley  Umude,18.0,7,3,5,60.0,0,2,0.0,1,3,33.3,1,2,3,1,1,0,1,0,3,2,6,H,W,89,35,29,14,21,12,11,14,9,19,28,4,11,3,19,91,82,41,20,25,24,4,22,16,8,22,30,5,11,1,18,86,0.7,7.0,100.0,0.02,14.3,inf,42.9,0.43,5.0,42.1,0.0,4.6,5.9,2026-2027
EFE,BAR,1_4,Regular Season,Justin  Robinson,22.0,10,1,2,50.0,2,5,40.0,2,2,100.0,0,2,2,2,0,3,0,0,0,3,10,H,W,89,35,29,14,21,12,11,14,9,19,28,4,11,3,19,91,82,41,20,25,24,4,22,16,8,22,30,5,11,1,18,86,1.11,10.4,96.2,0.05,19.2,0.7,57.1,0.29,5.3,63.5,28.85,4.9,0.0,2026-2027
EFE,BAR,1_4,Regular Season,Dario  Brizuela,19.0,20,5,6,83.3,3,4,75.0,1,2,50.0,0,2,2,0,1,3,0,0,2,1,16,H,W,89,35,29,14,21,12,11,14,9,19,28,4,11,3,19,91,82,41,20,25,24,4,22,16,8,22,30,5,11,1,18,86,1.67,13.3,150.4,0.11,0.0,0.0,95.0,0.2,13.6,91.9,22.56,7.2,0.0,2026-2027
EFE,BAR,1_4,Regular Season,Olivier  Nkamhoua,15.0,2,1,1,100.0,0,0,,0,0,,4,0,4,0,0,0,0,0,2,2,6,H,W,89,35,29,14,21,12,11,14,9,19,28,4,11,3,19,91,82,41,20,25,24,4,22,16,8,22,30,5,11,1,18,86,2.0,-2.9,-69.0,0.02,-0.0,,100.0,0.0,3.7,100.0,-0.0,0.7,23.5,2026-2027
EFE,BAR,1_4,Regular Season,Olek  Balcerowski,25.0,10,3,4,75.0,0,0,,4,4,100.0,1,3,4,2,0,1,1,0,4,3,14,H,W,89,35,29,14,21,12,11,14,9,19,28,4,11,3,19,91,82,41,20,25,24,4,22,16,8,22,30,5,11,1,18,86,1.25,5.5,181.8,0.08,36.4,2.0,75.0,1.0,9.5,86.8,18.18,2.7,5.9,2026-2027
EFE,BAR,1_4,Regular Season,Justin  Minaya,13.0,3,0,0,,1,1,100.0,0,0,,0,1,1,1,0,0,0,0,2,1,4,H,W,89,35,29,14,21,12,11,14,9,19,28,4,11,3,19,91,82,41,20,25,24,4,22,16,8,22,30,5,11,1,18,86,3.0,1.0,300.0,0.02,100.0,inf,150.0,0.0,2.9,150.0,0.0,0.8,0.0,2026-2027
EFE,BAR,1_4,Regular Season,Joel  Parra,27.0,5,1,4,25.0,1,6,16.7,0,0,,0,2,2,3,0,0,1,1,3,1,0,H,W,89,35,29,14,21,12,11,14,9,19,28,4,11,3,19,91,82,41,20,25,24,4,22,16,8,22,30,5,11,1,18,86,0.5,9.6,52.1,-0.0,31.2,inf,25.0,0.0,1.0,25.0,0.0,3.7,0.0,2026-2027
BAR,EFE,1_4,Regular Season,Jordan  Loyd,21.0,2,1,3,33.3,0,2,0.0,0,0,,0,0,0,0,1,1,0,1,4,2,-5,A,L,82,41,20,25,24,4,22,16,8,22,30,5,11,1,18,86,89,35,29,14,21,12,11,14,9,19,28,4,11,3,19,91,0.4,5.8,34.5,-0.05,0.0,0.0,20.0,0.0,-2.7,20.0,17.24,2.8,0.0,2026-2027
BAR,EFE,1_4,Regular Season,Santi  Yusta,9.0,4,2,3,66.7,0,0,,0,0,,2,0,2,0,0,0,0,0,2,0,3,A,L,82,41,20,25,24,4,22,16,8,22,30,5,11,1,18,86,89,35,29,14,21,12,11,14,9,19,28,4,11,3,19,91,1.33,1.0,400.0,0.02,0.0,,66.7,0.0,3.3,66.7,0.0,3.2,11.8,2026-2027
BAR,EFE,1_4,Regular Season,Dario  Saric,29.0,17,3,3,100.0,1,4,25.0,8,9,88.9,0,5,5,2,0,1,0,0,0,7,26,A,L,82,41,20,25,24,4,22,16,8,22,30,5,11,1,18,86,89,35,29,14,21,12,11,14,9,19,28,4,11,3,19,91,1.06,11.5,147.8,0.14,17.4,2.0,64.3,1.29,15.2,77.6,8.7,4.0,0.0,2026-2027
BAR,EFE,1_4,Regular Season,Daron  Russell,5.0,3,1,4,25.0,0,1,0.0,1,1,100.0,0,1,1,1,1,0,0,0,1,1,2,A,L,82,41,20,25,24,4,22,16,8,22,30,5,11,1,18,86,89,35,29,14,21,12,11,14,9,19,28,4,11,3,19,91,0.5,5.2,57.7,0.01,19.2,inf,20.0,0.2,1.5,27.6,0.0,10.5,0.0,2026-2027
BAR,EFE,1_4,Regular Season,Pj  Dozier,13.0,3,0,1,0.0,1,4,25.0,0,0,,1,2,3,0,0,0,0,0,2,0,0,A,L,82,41,20,25,24,4,22,16,8,22,30,5,11,1,18,86,89,35,29,14,21,12,11,14,9,19,28,4,11,3,19,91,0.6,3.8,78.9,-0.0,0.0,,30.0,0.0,0.4,30.0,0.0,3.7,5.9,2026-2027
BAR,EFE,1_4,Regular Season,Collin  Malcolm,17.0,5,2,2,100.0,0,1,0.0,1,2,50.0,1,1,2,2,1,0,0,0,0,1,9,A,L,82,41,20,25,24,4,22,16,8,22,30,5,11,1,18,86,89,35,29,14,21,12,11,14,9,19,28,4,11,3,19,91,1.0,2.8,178.6,0.06,71.4,inf,66.7,0.67,6.7,64.4,0.0,2.2,5.9,2026-2027
BAR,EFE,1_4,Regular Season,Bruno  Fernando,18.0,6,3,4,75.0,0,0,,0,0,,0,3,3,0,1,1,0,1,4,0,3,A,L,82,41,20,25,24,4,22,16,8,22,30,5,11,1,18,86,89,35,29,14,21,12,11,14,9,19,28,4,11,3,19,91,1.5,4.8,125.0,0.03,0.0,0.0,75.0,0.0,3.7,75.0,20.83,2.7,0.0,2026-2027
BAR,EFE,1_4,Regular Season,Ercan  Osmani,16.0,6,3,5,60.0,0,1,0.0,0,0,,2,1,3,2,0,1,0,0,1,0,6,A,L,82,41,20,25,24,4,22,16,8,22,30,5,11,1,18,86,89,35,29,14,21,12,11,14,9,19,28,4,11,3,19,91,1.0,4.8,125.0,0.04,41.7,2.0,50.0,0.0,4.7,50.0,20.83,4.2,11.8,2026-2027
BAR,EFE,1_4,Regular Season,Matthew  Strazel,23.0,12,2,5,40.0,1,4,25.0,5,5,100.0,0,2,2,3,1,2,0,1,1,3,11,A,L,82,41,20,25,24,4,22,16,8,22,30,5,11,1,18,86,89,35,29,14,21,12,11,14,9,19,28,4,11,3,19,91,0.86,12.7,94.5,0.07,23.6,1.5,38.9,0.56,8.2,53.6,15.75,5.5,0.0,2026-2027
BAR,EFE,1_4,Regular Season,Mike  James,32.0,22,6,10,60.0,1,3,33.3,7,8,87.5,0,4,4,5,0,5,1,0,2,6,24,A,L,82,41,20,25,24,4,22,16,8,22,30,5,11,1,18,86,89,35,29,14,21,12,11,14,9,19,28,4,11,3,19,91,1.05,20.7,106.3,0.13,24.2,1.0,57.7,0.62,14.9,66.6,24.15,6.5,0.0,2026-2027
BAR,EFE,1_4,Regular Season,Kai  Jones,15.0,2,1,1,100.0,0,0,,0,0,,2,3,5,1,0,0,0,0,1,0,7,A,L,82,41,20,25,24,4,22,16,8,22,30,5,11,1,18,86,89,35,29,14,21,12,11,14,9,19,28,4,11,3,19,91,2.0,-1.0,-200.0,0.05,-100.0,inf,100.0,0.0,4.3,100.0,-0.0,0.6,11.8,2026-2027
OLY,BAS,1_5,Regular Season,Markus  Howard,12.0,9,0,1,0.0,3,5,60.0,0,0,,1,0,1,1,0,0,0,1,0,1,8,H,L,89,36,44,15,14,16,13,25,13,14,27,9,10,0,21,80,106,42,22,28,28,8,26,20,10,28,38,6,14,3,16,134,1.5,4.8,187.5,0.04,20.8,inf,75.0,0.0,7.4,75.0,0.0,4.1,4.3,2026-2027
OLY,BAS,1_5,Regular Season,A.J.  Lawson,26.0,20,1,4,25.0,4,9,44.4,6,7,85.7,2,2,4,2,0,1,0,0,3,4,17,H,L,89,36,44,15,14,16,13,25,13,14,27,9,10,0,21,80,106,42,22,28,28,8,26,20,10,28,38,6,14,3,16,134,1.0,14.5,137.9,0.07,13.8,2.0,53.8,0.54,13.7,62.2,6.9,5.4,8.7,2026-2027
OLY,BAS,1_5,Regular Season,Kobi  Simmons,18.0,6,1,4,25.0,1,5,20.0,1,1,100.0,2,0,2,6,0,1,0,1,1,1,5,H,L,89,36,44,15,14,16,13,25,13,14,27,9,10,0,21,80,106,42,22,28,28,8,26,20,10,28,38,6,14,3,16,134,0.6,8.1,74.1,0.02,74.1,6.0,27.8,0.11,4.7,31.8,12.35,4.8,8.7,2026-2027
OLY,BAS,1_5,Regular Season,Dj  Stewart,26.0,8,1,5,20.0,2,8,25.0,0,0,,0,1,1,0,1,0,0,0,2,0,-2,H,L,89,36,44,15,14,16,13,25,13,14,27,9,10,0,21,80,106,42,22,28,28,8,26,20,10,28,38,6,14,3,16,134,0.62,12.5,64.0,-0.01,0.0,,30.8,0.0,0.6,30.8,0.0,4.1,0.0,2026-2027
OLY,BAS,1_5,Regular Season,Chris  Duarte,20.0,9,3,4,75.0,1,6,16.7,0,0,,2,3,5,3,2,1,0,0,2,1,11,H,L,89,36,44,15,14,16,13,25,13,14,27,9,10,0,21,80,106,42,22,28,28,8,26,20,10,28,38,6,14,3,16,134,0.9,8.6,104.7,0.05,34.9,3.0,45.0,0.0,8.2,45.0,11.63,4.6,8.7,2026-2027
OLY,BAS,1_5,Regular Season,Stefan  Joksimovic,9.0,0,0,1,0.0,0,1,0.0,0,0,,0,0,0,3,1,3,0,0,0,0,-1,H,L,89,36,44,15,14,16,13,25,13,14,27,9,10,0,21,80,106,42,22,28,28,8,26,20,10,28,38,6,14,3,16,134,0.0,4.8,0.0,-0.01,62.5,1.0,0.0,0.0,-1.3,0.0,62.5,4.6,0.0,2026-2027
OLY,BAS,1_5,Regular Season,Rodions  Kurucs,21.0,5,1,5,20.0,1,2,50.0,0,0,,2,2,4,5,4,2,0,0,3,1,9,H,L,89,36,44,15,14,16,13,25,13,14,27,9,10,0,21,80,106,42,22,28,28,8,26,20,10,28,38,6,14,3,16,134,0.71,6.7,74.6,0.04,74.6,2.5,35.7,0.0,7.2,35.7,29.85,3.5,8.7,2026-2027
OLY,BAS,1_5,Regular Season,Tadas  Sedekerskis,20.0,15,3,4,75.0,3,3,100.0,0,0,,0,2,2,0,0,0,0,1,3,2,14,H,L,89,36,44,15,14,16,13,25,13,14,27,9,10,0,21,80,106,42,22,28,28,8,26,20,10,28,38,6,14,3,16,134,2.14,6.7,223.9,0.08,0.0,,107.1,0.0,11.9,107.1,0.0,2.9,0.0,2026-2027
OLY,BAS,1_5,Regular Season,Matteo  Spagnolo,15.0,5,1,1,100.0,0,2,0.0,3,3,100.0,2,1,3,3,0,2,0,0,2,2,7,H,L,89,36,44,15,14,16,13,25,13,14,27,9,10,0,21,80,106,42,22,28,28,8,26,20,10,28,38,6,14,3,16,134,0.83,4.1,122.0,0.02,73.2,1.5,33.3,1.0,4.3,57.9,48.78,3.5,8.7,2026-2027
OLY,BAS,1_5,Regular Season,Damion  Baugh,13.0,7,1,3,33.3,1,2,50.0,2,2,100.0,1,1,2,2,1,0,0,0,1,1,9,H,L,89,36,44,15,14,16,13,25,13,14,27,9,10,0,21,80,106,42,22,28,28,8,26,20,10,28,38,6,14,3,16,134,1.0,4.7,148.9,0.04,42.6,inf,50.0,0.4,7.3,59.5,0.0,3.7,4.3,2026-2027
OLY,BAS,1_5,Regular Season,Clement  Frisch,1.0,0,0,0,,0,0,,0,0,,0,0,0,0,0,0,0,0,0,0,0,H,L,89,36,44,15,14,16,13,25,13,14,27,9,10,0,21,80,106,42,22,28,28,8,26,20,10,28,38,6,14,3,16,134,,0.0,,0.0,,,,,0.0,,,0.0,0.0,2026-2027
OLY,BAS,1_5,Regular Season,Kenneth  Faried,17.0,5,2,4,50.0,0,1,0.0,1,2,50.0,1,2,3,0,0,0,0,0,4,3,3,H,L,89,36,44,15,14,16,13,25,13,14,27,9,10,0,21,80,106,42,22,28,28,8,26,20,10,28,38,6,14,3,16,134,0.71,4.7,106.4,-0.0,0.0,,40.0,0.4,1.6,42.5,0.0,2.9,4.3,2026-2027
BAS,OLY,1_5,Regular Season,Codi  Miller-McIntyre,20.0,2,1,2,50.0,0,2,0.0,0,0,,0,2,2,6,0,4,0,0,3,2,2,A,W,106,42,22,28,28,8,26,20,10,28,38,6,14,3,16,134,89,36,44,15,14,16,13,25,13,14,27,9,10,0,21,80,0.5,7.7,26.0,0.0,77.9,1.5,25.0,0.0,-0.8,25.0,51.95,3.5,0.0,2026-2027
BAS,OLY,1_5,Regular Season,Tyson  Ward,18.0,11,2,5,40.0,1,3,33.3,4,4,100.0,2,1,3,2,1,1,0,0,1,2,12,A,W,106,42,22,28,28,8,26,20,10,28,38,6,14,3,16,134,89,36,44,15,14,16,13,25,13,14,27,9,10,0,21,80,0.92,8.4,131.0,0.05,23.8,2.0,43.8,0.5,9.3,56.4,11.9,5.3,8.7,2026-2027
BAS,OLY,1_5,Regular Season,Jean  Montero,20.0,15,2,5,40.0,2,5,40.0,5,6,83.3,0,5,5,5,1,3,0,0,0,3,19,A,W,106,42,22,28,28,8,26,20,10,28,38,6,14,3,16,134,89,36,44,15,14,16,13,25,13,14,27,9,10,0,21,80,0.94,15.0,100.0,0.1,33.3,1.7,50.0,0.6,12.2,59.3,20.0,6.9,0.0,2026-2027
BAS,OLY,1_5,Regular Season,Sasha  Vezenkov,19.0,22,8,9,88.9,0,1,0.0,6,6,100.0,1,4,5,1,0,1,0,0,0,5,30,A,W,106,42,22,28,28,8,26,20,10,28,38,6,14,3,16,134,89,36,44,15,14,16,13,25,13,14,27,9,10,0,21,80,1.38,12.1,181.8,0.15,8.3,1.0,80.0,0.6,19.8,87.0,8.26,6.4,4.3,2026-2027
BAS,OLY,1_5,Regular Season,Kostas  Papanikolaou,13.0,0,0,0,,0,0,,0,0,,0,3,3,1,1,1,1,0,0,0,5,A,W,106,42,22,28,28,8,26,20,10,28,38,6,14,3,16,134,89,36,44,15,14,16,13,25,13,14,27,9,10,0,21,80,,1.0,0.0,0.03,100.0,1.0,,,2.3,,100.0,0.7,0.0,2026-2027
BAS,OLY,1_5,Regular Season,Tyler  Dorsey,23.0,25,4,5,80.0,4,6,66.7,5,5,100.0,0,2,2,1,1,0,0,0,0,3,29,A,W,106,42,22,28,28,8,26,20,10,28,38,6,14,3,16,134,89,36,44,15,14,16,13,25,13,14,27,9,10,0,21,80,1.56,12.7,196.9,0.16,7.9,inf,90.9,0.45,22.8,94.7,0.0,5.1,0.0,2026-2027
BAS,OLY,1_5,Regular Season,Mbaye  Ndiaye,7.0,4,1,1,100.0,0,0,,2,3,66.7,0,0,0,0,0,1,1,0,3,2,2,A,W,106,42,22,28,28,8,26,20,10,28,38,6,14,3,16,134,89,36,44,15,14,16,13,25,13,14,27,9,10,0,21,80,1.0,3.2,125.0,-0.0,0.0,0.0,100.0,3.0,1.8,86.2,31.25,4.2,0.0,2026-2027
BAS,OLY,1_5,Regular Season,Nikola  Milutinov,9.0,2,0,0,,0,0,,2,2,100.0,0,2,2,0,0,0,0,0,2,1,3,A,W,106,42,22,28,28,8,26,20,10,28,38,6,14,3,16,134,89,36,44,15,14,16,13,25,13,14,27,9,10,0,21,80,1.0,0.8,250.0,0.01,0.0,,,inf,1.8,113.6,0.0,0.9,0.0,2026-2027
BAS,OLY,1_5,Regular Season,Cory  Joseph,15.0,2,1,1,100.0,0,1,0.0,0,0,,0,0,0,0,0,0,0,0,3,0,-2,A,W,106,42,22,28,28,8,26,20,10,28,38,6,14,3,16,134,89,36,44,15,14,16,13,25,13,14,27,9,10,0,21,80,1.0,1.9,105.3,-0.01,0.0,,50.0,0.0,-0.2,50.0,0.0,1.2,0.0,2026-2027
BAS,OLY,1_5,Regular Season,Donta  Hall,19.0,4,2,3,66.7,0,0,,0,0,,3,4,7,1,1,1,1,0,2,2,12,A,W,106,42,22,28,28,8,26,20,10,28,38,6,14,3,16,134,89,36,44,15,14,16,13,25,13,14,27,9,10,0,21,80,1.33,1.0,400.0,0.05,100.0,1.0,66.7,0.0,6.6,66.7,100.0,1.9,13.0,2026-2027
BAS,OLY,1_5,Regular Season,Tyrique  Jones,12.0,12,5,9,55.6,0,0,,2,2,100.0,4,4,8,0,0,1,0,0,1,1,15,A,W,106,42,22,28,28,8,26,20,10,28,38,6,14,3,16,134,89,36,44,15,14,16,13,25,13,14,27,9,10,0,21,80,1.09,6.6,181.8,0.07,0.0,0.0,55.6,0.22,10.3,60.7,15.15,8.0,17.4,2026-2027
BAS,OLY,1_5,Regular Season,Evan  Fournier,25.0,7,2,2,100.0,1,4,25.0,0,0,,0,1,1,3,1,1,0,0,1,0,7,A,W,106,42,22,28,28,8,26,20,10,28,38,6,14,3,16,134,89,36,44,15,14,16,13,25,13,14,27,9,10,0,21,80,1.17,6.7,104.5,0.04,44.8,3.0,58.3,0.0,6.0,58.3,14.93,2.5,0.0,2026-2027
MAC,VIL,1_6,Regular Season,Myles  Cale,9.0,0,0,1,0.0,0,2,0.0,0,0,,0,1,1,1,0,1,0,0,0,0,-2,H,W,84,24,34,20,11,16,14,20,3,19,22,8,15,3,20,90,74,34,29,15,21,7,11,19,8,26,34,10,18,0,25,72,0.0,3.8,0.0,-0.02,26.3,1.0,0.0,0.0,-2.1,0.0,26.32,4.3,0.0,2026-2027
MAC,VIL,1_6,Regular Season,Marc-Owen  Fodzo Dada,21.0,14,2,3,66.7,2,2,100.0,4,9,44.4,0,1,1,5,2,4,1,0,2,6,17,H,W,84,24,34,20,11,16,14,20,3,19,22,8,15,3,20,90,74,34,29,15,21,7,11,19,8,26,34,10,18,0,25,72,1.0,12.4,112.9,0.09,40.3,1.2,100.0,1.8,11.8,78.1,32.26,6.0,0.0,2026-2027
MAC,VIL,1_6,Regular Season,Patty  Mills,24.0,15,1,2,50.0,3,6,50.0,4,4,100.0,0,1,1,3,0,2,0,0,0,5,18,H,W,84,24,34,20,11,16,14,20,3,19,22,8,15,3,20,90,74,34,29,15,21,7,11,19,8,26,34,10,18,0,25,72,1.25,11.3,132.7,0.12,26.5,1.5,68.8,0.5,11.4,76.8,17.7,4.8,0.0,2026-2027
MAC,VIL,1_6,Regular Season,Bodian  Massa,14.0,0,0,0,,0,0,,0,0,,0,1,1,0,0,1,0,0,2,1,-1,H,W,84,24,34,20,11,16,14,20,3,19,22,8,15,3,20,90,74,34,29,15,21,7,11,19,8,26,34,10,18,0,25,72,,1.0,0.0,-0.02,0.0,0.0,,,-1.5,,100.0,0.7,0.0,2026-2027
MAC,VIL,1_6,Regular Season,Both  Gach,17.0,5,1,3,33.3,1,1,100.0,0,0,,0,0,0,1,0,1,0,0,2,1,2,H,W,84,24,34,20,11,16,14,20,3,19,22,8,15,3,20,90,74,34,29,15,21,7,11,19,8,26,34,10,18,0,25,72,1.25,4.8,104.2,0.01,20.8,1.0,62.5,0.0,1.9,62.5,20.83,2.9,0.0,2026-2027
MAC,VIL,1_6,Regular Season,Joel  Bolomboy,26.0,2,1,2,50.0,0,0,,0,0,,1,5,6,0,3,2,0,0,3,0,5,H,W,84,24,34,20,11,16,14,20,3,19,22,8,15,3,20,90,74,34,29,15,21,7,11,19,8,26,34,10,18,0,25,72,1.0,2.9,69.0,0.04,0.0,0.0,50.0,0.0,3.0,50.0,68.97,1.5,9.1,2026-2027
MAC,VIL,1_6,Regular Season,David  Lighty,16.0,10,1,2,50.0,2,3,66.7,2,2,100.0,0,0,0,1,0,0,0,0,0,2,11,H,W,84,24,34,20,11,16,14,20,3,19,22,8,15,3,20,90,74,34,29,15,21,7,11,19,8,26,34,10,18,0,25,72,1.43,5.6,178.6,0.08,17.9,inf,80.0,0.4,8.4,85.0,0.0,3.6,0.0,2026-2027
MAC,VIL,1_6,Regular Season,Hugo  Besson,17.0,8,1,3,33.3,2,6,33.3,0,0,,0,3,3,4,0,2,1,0,3,2,7,H,W,84,24,34,20,11,16,14,20,3,19,22,8,15,3,20,90,74,34,29,15,21,7,11,19,8,26,34,10,18,0,25,72,0.89,10.6,75.5,0.04,37.7,2.0,44.4,0.0,4.1,44.4,18.87,6.3,0.0,2026-2027
MAC,VIL,1_6,Regular Season,Yves  Pons,12.0,9,1,1,100.0,2,3,66.7,1,1,100.0,2,0,2,0,1,0,0,0,1,1,11,H,W,84,24,34,20,11,16,14,20,3,19,22,8,15,3,20,90,74,34,29,15,21,7,11,19,8,26,34,10,18,0,25,72,1.8,2.3,391.3,0.08,0.0,,100.0,0.25,9.4,101.4,0.0,3.6,18.2,2026-2027
MAC,VIL,1_6,Regular Season,Tremont  Waters,16.0,2,1,2,50.0,0,5,0.0,0,0,,0,1,1,1,1,1,0,0,3,2,-3,H,W,84,24,34,20,11,16,14,20,3,19,22,8,15,3,20,90,74,34,29,15,21,7,11,19,8,26,34,10,18,0,25,72,0.29,7.7,26.0,-0.04,13.0,1.0,14.3,0.0,-2.7,14.3,12.99,4.9,0.0,2026-2027
MAC,VIL,1_6,Regular Season,Nathan  Sestina,3.0,0,0,0,,0,1,0.0,0,0,,0,2,2,0,0,0,0,0,2,1,0,H,W,84,24,34,20,11,16,14,20,3,19,22,8,15,3,20,90,74,34,29,15,21,7,11,19,8,26,34,10,18,0,25,72,0.0,1.0,0.0,-0.01,0.0,,0.0,0.0,-0.9,0.0,0.0,3.3,0.0,2026-2027
MAC,VIL,1_6,Regular Season,Jae  Crowder,25.0,19,2,5,40.0,4,5,80.0,3,4,75.0,0,4,4,4,1,1,1,0,2,4,25,H,W,84,24,34,20,11,16,14,20,3,19,22,8,15,3,20,90,74,34,29,15,21,7,11,19,8,26,34,10,18,0,25,72,1.36,12.2,155.7,0.18,32.8,4.0,80.0,0.4,17.9,80.8,8.2,5.0,0.0,2026-2027
VIL,MAC,1_6,Regular Season,Iffe  Lundberg,22.0,5,0,3,0.0,1,3,33.3,2,2,100.0,1,1,2,2,0,2,0,1,5,1,-3,A,L,74,34,29,15,21,7,11,19,8,26,34,10,18,0,25,72,84,24,34,20,11,16,14,20,3,19,22,8,15,3,20,90,0.62,7.6,65.8,-0.03,26.3,1.0,25.0,0.33,-0.4,36.3,26.32,3.7,9.1,2026-2027
VIL,MAC,1_6,Regular Season,Jaylen  Hoard,28.0,15,6,7,85.7,1,4,25.0,0,0,,2,4,6,0,3,1,0,0,3,4,20,A,L,74,34,29,15,21,7,11,19,8,26,34,10,18,0,25,72,84,24,34,20,11,16,14,20,3,19,22,8,15,3,20,90,1.36,9.6,156.2,0.13,0.0,0.0,68.2,0.0,13.5,68.2,10.42,3.9,18.2,2026-2027
VIL,MAC,1_6,Regular Season,Jimmy  Clark,13.0,9,3,5,60.0,1,3,33.3,0,0,,1,3,4,6,0,3,0,0,5,0,7,A,L,74,34,29,15,21,7,11,19,8,26,34,10,18,0,25,72,84,24,34,20,11,16,14,20,3,19,22,8,15,3,20,90,1.12,9.6,93.8,0.06,62.5,2.0,56.2,0.0,5.8,56.2,31.25,7.7,9.1,2026-2027
VIL,MAC,1_6,Regular Season,Armando  Bacot Jr.,3.0,0,0,0,,0,0,,0,0,,0,0,0,1,0,0,0,0,0,0,1,A,L,74,34,29,15,21,7,11,19,8,26,34,10,18,0,25,72,84,24,34,20,11,16,14,20,3,19,22,8,15,3,20,90,,0.0,,0.01,inf,inf,,,0.7,,,0.0,0.0,2026-2027
VIL,MAC,1_6,Regular Season,Roman  Sorkin,24.0,13,5,7,71.4,1,2,50.0,0,1,0.0,2,3,5,2,1,1,0,1,1,2,16,A,L,74,34,29,15,21,7,11,19,8,26,34,10,18,0,25,72,84,24,34,20,11,16,14,20,3,19,22,8,15,3,20,90,1.3,8.1,160.5,0.12,24.7,2.0,72.2,0.11,12.0,68.9,12.35,4.0,18.2,2026-2027
VIL,MAC,1_6,Regular Season,O'Shae J  Brissett,26.0,8,3,5,60.0,0,6,0.0,2,2,100.0,0,7,7,0,2,0,0,0,1,2,10,A,L,74,34,29,15,21,7,11,19,8,26,34,10,18,0,25,72,84,24,34,20,11,16,14,20,3,19,22,8,15,3,20,90,0.62,11.4,70.2,0.07,0.0,,27.3,0.18,5.2,33.7,0.0,4.2,0.0,2026-2027
VIL,MAC,1_6,Regular Season,William  Rayman,11.0,0,0,1,0.0,0,0,,0,0,,1,0,1,0,1,0,0,0,2,2,1,A,L,74,34,29,15,21,7,11,19,8,26,34,10,18,0,25,72,84,24,34,20,11,16,14,20,3,19,22,8,15,3,20,90,0.0,0.0,,-0.01,,,0.0,0.0,0.2,0.0,,0.8,9.1,2026-2027
VIL,MAC,1_6,Regular Season,John  Dibartolomeo,7.0,0,0,0,,0,1,0.0,0,0,,0,0,0,0,0,1,0,0,1,0,-3,A,L,74,34,29,15,21,7,11,19,8,26,34,10,18,0,25,72,84,24,34,20,11,16,14,20,3,19,22,8,15,3,20,90,0.0,1.9,0.0,-0.03,0.0,0.0,0.0,0.0,-2.1,0.0,52.63,2.6,0.0,2026-2027
VIL,MAC,1_6,Regular Season,Keaton  Wallace,12.0,2,1,2,50.0,0,2,0.0,0,0,,0,2,2,0,2,2,0,0,4,0,-3,A,L,74,34,29,15,21,7,11,19,8,26,34,10,18,0,25,72,84,24,34,20,11,16,14,20,3,19,22,8,15,3,20,90,0.5,5.8,34.5,-0.03,0.0,0.0,25.0,0.0,-1.4,25.0,34.48,4.6,0.0,2026-2027
VIL,MAC,1_6,Regular Season,Daniel  Theis,17.0,9,2,2,100.0,0,1,0.0,5,6,83.3,1,2,3,0,1,4,0,0,2,4,9,A,L,74,34,29,15,21,7,11,19,8,26,34,10,18,0,25,72,84,24,34,20,11,16,14,20,3,19,22,8,15,3,20,90,1.0,8.3,108.4,0.04,0.0,0.0,66.7,2.0,4.8,79.8,48.19,5.2,9.1,2026-2027
VIL,MAC,1_6,Regular Season,Yam  Madar,26.0,13,1,2,50.0,3,6,50.0,2,4,50.0,0,3,3,8,0,4,0,1,1,4,16,A,L,74,34,29,15,21,7,11,19,8,26,34,10,18,0,25,72,84,24,34,20,11,16,14,20,3,19,22,8,15,3,20,90,1.08,13.2,98.5,0.12,60.6,2.0,68.8,0.5,10.3,66.6,30.3,4.8,0.0,2026-2027
VIL,MAC,1_6,Regular Season,Bonzie  Colson,9.0,0,0,0,,0,1,0.0,0,0,,0,1,1,0,0,0,0,0,0,1,1,A,L,74,34,29,15,21,7,11,19,8,26,34,10,18,0,25,72,84,24,34,20,11,16,14,20,3,19,22,8,15,3,20,90,0.0,1.0,0.0,0.0,0.0,,0.0,0.0,-0.4,0.0,0.0,1.0,0.0,2026-2027
PRB,PAN,1_7,Regular Season,Panagiotis  Kalaitzakis,19.0,3,0,2,0.0,1,3,33.3,0,0,,1,2,3,2,2,0,0,0,5,1,2,H,W,91,37,29,22,20,10,21,16,13,28,41,10,15,8,17,117,72,27,39,15,12,13,9,19,9,20,29,7,15,2,22,54,0.6,3.8,78.9,0.0,52.6,inf,30.0,0.0,2.6,30.0,0.0,2.3,4.5,2026-2027
PRB,PAN,1_7,Regular Season,Sylvain  Francisco,22.0,18,3,4,75.0,3,7,42.9,3,3,100.0,0,2,2,4,0,4,0,0,0,3,18,H,W,91,37,29,22,20,10,21,16,13,28,41,10,15,8,17,117,72,27,39,15,12,13,9,19,9,20,29,7,15,2,22,54,1.29,15.7,114.6,0.12,25.5,1.0,68.2,0.27,12.1,73.1,25.48,6.5,0.0,2026-2027
PRB,PAN,1_7,Regular Season,Brancou  Badio,21.0,4,1,3,33.3,0,0,,2,2,100.0,0,3,3,2,0,2,1,0,1,2,7,H,W,91,37,29,22,20,10,21,16,13,28,41,10,15,8,17,117,72,27,39,15,12,13,9,19,9,20,29,7,15,2,22,54,0.8,5.6,71.4,0.04,35.7,1.0,33.3,0.67,2.9,51.5,35.71,2.5,0.0,2026-2027
PRB,PAN,1_7,Regular Season,Jerian  Grant,18.0,7,2,4,50.0,1,4,25.0,0,0,,1,0,1,3,1,0,1,0,1,2,9,H,W,91,37,29,22,20,10,21,16,13,28,41,10,15,8,17,117,72,27,39,15,12,13,9,19,9,20,29,7,15,2,22,54,0.88,6.7,104.5,0.05,44.8,inf,43.8,0.0,6.7,43.8,0.0,3.9,4.5,2026-2027
PRB,PAN,1_7,Regular Season,Mathias  Lessort,22.0,15,2,7,28.6,0,0,,11,12,91.7,3,6,9,2,2,4,3,1,1,9,28,H,W,91,37,29,22,20,10,21,16,13,28,41,10,15,8,17,117,72,27,39,15,12,13,9,19,9,20,29,7,15,2,22,54,0.79,12.7,118.1,0.13,15.7,0.5,28.6,1.71,15.5,61.1,31.5,6.5,13.6,2026-2027
PRB,PAN,1_7,Regular Season,Guerschon  Yabusele,20.0,13,3,5,60.0,2,5,40.0,1,1,100.0,2,3,5,0,1,0,0,0,2,1,13,H,W,91,37,29,22,20,10,21,16,13,28,41,10,15,8,17,117,72,27,39,15,12,13,9,19,9,20,29,7,15,2,22,54,1.18,8.1,160.5,0.09,0.0,,60.0,0.1,10.5,62.3,0.0,4.6,9.1,2026-2027
PRB,PAN,1_7,Regular Season,Isaac  Bonga,17.0,5,2,2,100.0,0,2,0.0,1,1,100.0,1,1,2,1,0,3,0,0,3,1,1,H,W,91,37,29,22,20,10,21,16,13,28,41,10,15,8,17,117,72,27,39,15,12,13,9,19,9,20,29,7,15,2,22,54,1.0,6.2,80.6,-0.0,16.1,0.3,50.0,0.25,0.5,56.3,48.39,3.9,4.5,2026-2027
PRB,PAN,1_7,Regular Season,Juancho  Hernangomez,20.0,5,1,1,100.0,1,2,50.0,0,0,,2,4,6,1,2,0,0,0,1,1,13,H,W,91,37,29,22,20,10,21,16,13,28,41,10,15,8,17,117,72,27,39,15,12,13,9,19,9,20,29,7,15,2,22,54,1.67,1.0,500.0,0.09,100.0,inf,83.3,0.0,8.6,83.3,0.0,1.3,9.1,2026-2027
PRB,PAN,1_7,Regular Season,Konstantinos  Mitoglou,18.0,11,4,7,57.1,0,1,0.0,3,3,100.0,3,3,6,0,2,1,0,1,1,2,14,H,W,91,37,29,22,20,10,21,16,13,28,41,10,15,8,17,117,72,27,39,15,12,13,9,19,9,20,29,7,15,2,22,54,1.0,7.0,157.1,0.09,0.0,0.0,50.0,0.38,10.6,59.0,14.29,5.1,13.6,2026-2027
PRB,PAN,1_7,Regular Season,Eleftherios  Mantzoukas,23.0,10,2,2,100.0,2,5,40.0,0,0,,0,4,4,1,0,1,3,0,2,0,12,H,W,91,37,29,22,20,10,21,16,13,28,41,10,15,8,17,117,72,27,39,15,12,13,9,19,9,20,29,7,15,2,22,54,1.43,7.7,129.9,0.08,13.0,1.0,71.4,0.0,8.9,71.4,12.99,3.1,0.0,2026-2027
PAN,PRB,1_7,Regular Season,Tj  Warren,21.0,9,0,1,0.0,3,4,75.0,0,0,,0,2,2,0,0,2,0,0,2,0,5,A,L,72,27,39,15,12,13,9,19,9,20,29,7,15,2,22,54,91,37,29,22,20,10,21,16,13,28,41,10,15,8,17,117,1.8,6.7,134.3,0.04,0.0,0.0,90.0,0.0,4.5,90.0,29.85,3.0,0.0,2026-2027
PAN,PRB,1_7,Regular Season,Nadir  Hifi,22.0,11,3,7,42.9,1,6,16.7,2,3,66.7,1,1,2,2,0,3,0,2,0,7,7,A,L,72,27,39,15,12,13,9,19,9,20,29,7,15,2,22,54,91,37,29,22,20,10,21,16,13,28,41,10,15,8,17,117,0.69,15.7,70.1,0.01,12.7,0.7,34.6,0.23,2.5,38.4,19.11,7.2,4.5,2026-2027
PAN,PRB,1_7,Regular Season,Terry  Tarpey,15.0,0,0,0,,0,4,0.0,0,0,,1,4,5,6,1,1,0,0,2,0,5,A,L,72,27,39,15,12,13,9,19,9,20,29,7,15,2,22,54,91,37,29,22,20,10,21,16,13,28,41,10,15,8,17,117,0.0,3.8,0.0,0.04,157.9,6.0,0.0,0.0,2.5,0.0,26.32,3.0,4.5,2026-2027
PAN,PRB,1_7,Regular Season,Leo  Cavaliere,15.0,3,0,0,,1,1,100.0,0,0,,1,0,1,2,2,1,0,0,2,0,5,A,L,72,27,39,15,12,13,9,19,9,20,29,7,15,2,22,54,91,37,29,22,20,10,21,16,13,28,41,10,15,8,17,117,3.0,1.0,300.0,0.04,200.0,2.0,150.0,0.0,5.0,150.0,100.0,1.2,4.5,2026-2027
PAN,PRB,1_7,Regular Season,Sebastian  Herrera,19.0,9,0,1,0.0,3,7,42.9,0,0,,0,1,1,1,1,0,0,1,0,1,7,A,L,72,27,39,15,12,13,9,19,9,20,29,7,15,2,22,54,91,37,29,22,20,10,21,16,13,28,41,10,15,8,17,117,1.12,7.7,116.9,0.06,13.0,inf,56.2,0.0,6.6,56.2,0.0,3.8,0.0,2026-2027
PAN,PRB,1_7,Regular Season,Jared  Rhoden,18.0,11,3,5,60.0,1,3,33.3,2,2,100.0,1,0,1,1,0,4,1,0,3,2,5,A,L,72,27,39,15,12,13,9,19,9,20,29,7,15,2,22,54,91,37,29,22,20,10,21,16,13,28,41,10,15,8,17,117,1.1,11.4,96.5,0.02,8.8,0.2,56.2,0.25,3.9,61.9,35.09,6.5,4.5,2026-2027
PAN,PRB,1_7,Regular Season,Tyson  Etienne,19.0,17,1,3,33.3,4,10,40.0,3,5,60.0,0,1,1,2,0,0,0,3,0,2,9,A,L,72,27,39,15,12,13,9,19,9,20,29,7,15,2,22,54,91,37,29,22,20,10,21,16,13,28,41,10,15,8,17,117,0.94,14.6,116.4,0.08,13.7,inf,53.8,0.38,10.8,55.9,0.0,7.3,0.0,2026-2027
PAN,PRB,1_7,Regular Season,Allan  Dokossi,21.0,4,2,2,100.0,0,0,,0,0,,2,3,5,4,2,2,1,0,2,0,12,A,L,72,27,39,15,12,13,9,19,9,20,29,7,15,2,22,54,91,37,29,22,20,10,21,16,13,28,41,10,15,8,17,117,2.0,1.9,210.5,0.08,210.5,2.0,100.0,0.0,8.4,100.0,105.26,1.7,9.1,2026-2027
PAN,PRB,1_7,Regular Season,Mouhamed  Faye,8.0,0,0,0,,0,0,,0,0,,1,1,2,1,0,0,0,0,5,0,-2,A,L,72,27,39,15,12,13,9,19,9,20,29,7,15,2,22,54,91,37,29,22,20,10,21,16,13,28,41,10,15,8,17,117,,-1.0,-0.0,-0.02,-100.0,inf,,,-0.3,,-0.0,0.0,4.5,2026-2027
PAN,PRB,1_7,Regular Season,Jeremy  Morgan,12.0,0,0,0,,0,3,0.0,0,0,,1,0,1,0,1,0,0,0,2,0,-3,A,L,72,27,39,15,12,13,9,19,9,20,29,7,15,2,22,54,91,37,29,22,20,10,21,16,13,28,41,10,15,8,17,117,0.0,1.9,0.0,-0.03,0.0,,0.0,0.0,-1.2,0.0,0.0,2.3,4.5,2026-2027
PAN,PRB,1_7,Regular Season,Alize  Johnson,15.0,6,3,6,50.0,0,0,,0,3,0.0,0,4,4,0,0,0,0,1,4,4,3,A,L,72,27,39,15,12,13,9,19,9,20,29,7,15,2,22,54,91,37,29,22,20,10,21,16,13,28,41,10,15,8,17,117,0.67,7.0,85.7,0.0,0.0,,50.0,0.5,1.4,41.0,0.0,4.5,0.0,2026-2027
PAN,PRB,1_7,Regular Season,Daulton  Hommes,15.0,2,0,2,0.0,0,1,0.0,2,2,100.0,1,3,4,0,0,2,0,1,0,1,1,A,L,72,27,39,15,12,13,9,19,9,20,29,7,15,2,22,54,91,37,29,22,20,10,21,16,13,28,41,10,15,8,17,117,0.4,4.7,42.6,0.0,0.0,0.0,0.0,0.67,-0.5,25.8,42.55,3.6,4.5,2026-2027
VAL,BES,1_8,Regular Season,Devon  Dotson,22.0,9,1,1,100.0,1,2,50.0,4,6,66.7,0,0,0,4,0,1,0,0,3,6,12,H,L,94,31,31,23,19,13,17,23,5,19,24,5,13,3,26,98,96,49,21,21,25,9,19,18,12,24,36,6,13,0,24,104,1.0,6.4,140.6,0.04,62.5,4.0,83.3,2.0,7.5,79.8,15.62,2.8,0.0,2026-2027
VAL,BES,1_8,Regular Season,Daquan  Jeffries,5.0,0,0,0,,0,1,0.0,0,0,,0,0,0,1,0,1,1,0,3,0,-3,H,L,94,31,31,23,19,13,17,23,5,19,24,5,13,3,26,98,96,49,21,21,25,9,19,18,12,24,36,6,13,0,24,104,0.0,1.9,0.0,-0.02,52.6,1.0,0.0,0.0,-1.5,0.0,52.63,3.8,0.0,2026-2027
VAL,BES,1_8,Regular Season,David  Dejulius,13.0,4,2,4,50.0,0,0,,0,0,,0,1,1,4,1,1,0,0,1,0,6,H,L,94,31,31,23,19,13,17,23,5,19,24,5,13,3,26,98,96,49,21,21,25,9,19,18,12,24,36,6,13,0,24,104,1.0,4.8,83.3,0.04,83.3,4.0,50.0,0.0,4.7,50.0,20.83,3.6,0.0,2026-2027
VAL,BES,1_8,Regular Season,Berk  Ugurlu,5.0,3,0,0,,1,1,100.0,0,0,,0,0,0,2,0,0,0,0,0,1,6,H,L,94,31,31,23,19,13,17,23,5,19,24,5,13,3,26,98,96,49,21,21,25,9,19,18,12,24,36,6,13,0,24,104,3.0,1.0,300.0,0.03,200.0,inf,150.0,0.0,4.1,150.0,0.0,1.9,0.0,2026-2027
VAL,BES,1_8,Regular Season,Conor  Morgan,20.0,15,0,1,0.0,5,6,83.3,0,0,,0,2,2,1,0,2,1,0,3,0,12,H,L,94,31,31,23,19,13,17,23,5,19,24,5,13,3,26,98,96,49,21,21,25,9,19,18,12,24,36,6,13,0,24,104,2.14,8.6,174.4,0.08,11.6,0.5,107.1,0.0,10.9,107.1,23.26,4.2,0.0,2026-2027
VAL,BES,1_8,Regular Season,Scottie  Wilbekin,24.0,12,3,6,50.0,2,6,33.3,0,1,0.0,0,1,1,5,1,0,0,0,2,4,13,H,L,94,31,31,23,19,13,17,23,5,19,24,5,13,3,26,98,96,49,21,21,25,9,19,18,12,24,36,6,13,0,24,104,0.92,11.9,100.8,0.06,42.0,inf,50.0,0.08,9.2,48.2,0.0,4.9,0.0,2026-2027
VAL,BES,1_8,Regular Season,Eugene  Omoruyi,26.0,17,4,5,80.0,1,6,16.7,6,8,75.0,0,4,4,3,1,4,0,0,4,6,15,H,L,94,31,31,23,19,13,17,23,5,19,24,5,13,3,26,98,96,49,21,21,25,9,19,18,12,24,36,6,13,0,24,104,0.89,17.8,95.5,0.06,16.9,0.8,50.0,0.73,9.2,58.5,22.47,6.7,0.0,2026-2027
VAL,BES,1_8,Regular Season,Anthony  Brown,25.0,7,2,3,66.7,1,5,20.0,0,0,,1,2,3,1,1,2,0,0,3,1,3,H,L,94,31,31,23,19,13,17,23,5,19,24,5,13,3,26,98,96,49,21,21,25,9,19,18,12,24,36,6,13,0,24,104,0.88,8.6,81.4,0.01,11.6,0.5,43.8,0.0,2.4,43.8,23.26,3.8,5.9,2026-2027
VAL,BES,1_8,Regular Season,Jaylen  Nowell,28.0,17,4,8,50.0,2,4,50.0,3,3,100.0,0,4,4,2,0,2,0,0,4,2,13,H,L,94,31,31,23,19,13,17,23,5,19,24,5,13,3,26,98,96,49,21,21,25,9,19,18,12,24,36,6,13,0,24,104,1.13,14.7,115.6,0.08,13.6,1.0,58.3,0.25,10.0,63.8,13.61,5.1,0.0,2026-2027
VAL,BES,1_8,Regular Season,Wenyen  Gabriel,15.0,6,2,2,100.0,0,0,,2,2,100.0,0,2,2,0,0,0,1,0,3,1,7,H,L,94,31,31,23,19,13,17,23,5,19,24,5,13,3,26,98,96,49,21,21,25,9,19,18,12,24,36,6,13,0,24,104,1.5,2.8,214.3,0.04,0.0,,100.0,1.0,5.5,104.2,0.0,1.8,0.0,2026-2027
VAL,BES,1_8,Regular Season,Ante  Zizic,16.0,4,1,1,100.0,0,0,,2,3,66.7,4,3,7,0,1,0,0,0,0,3,14,H,L,94,31,31,23,19,13,17,23,5,19,24,5,13,3,26,98,96,49,21,21,25,9,19,18,12,24,36,6,13,0,24,104,1.0,-1.6,-250.0,0.06,-0.0,,100.0,3.0,8.0,86.2,-0.0,1.4,23.5,2026-2027
BES,VAL,1_8,Regular Season,TJ  Shorts II,23.0,26,9,17,52.9,2,3,66.7,2,2,100.0,0,1,1,2,1,2,0,1,3,5,20,A,W,96,49,21,21,25,9,19,18,12,24,36,6,13,0,24,104,94,31,31,23,19,13,17,23,5,19,24,5,13,3,26,98,1.18,22.0,118.2,0.11,9.1,1.0,60.0,0.1,15.9,62.3,9.09,8.6,0.0,2026-2027
BES,VAL,1_8,Regular Season,Kameron  Taylor,24.0,12,3,5,60.0,1,1,100.0,3,5,60.0,1,6,7,2,0,1,0,0,3,4,17,A,W,96,49,21,21,25,9,19,18,12,24,36,6,13,0,24,104,94,31,31,23,19,13,17,23,5,19,24,5,13,3,26,98,1.09,7.9,151.9,0.09,25.3,2.0,75.0,0.83,10.3,73.2,12.66,3.3,5.9,2026-2027
BES,VAL,1_8,Regular Season,Josep  Puerto,11.0,0,0,0,,0,0,,0,0,,0,1,1,1,0,1,0,0,0,0,1,A,W,96,49,21,21,25,9,19,18,12,24,36,6,13,0,24,104,94,31,31,23,19,13,17,23,5,19,24,5,13,3,26,98,,1.0,0.0,0.01,100.0,1.0,,,0.0,,100.0,0.8,0.0,2026-2027
BES,VAL,1_8,Regular Season,Nathan  Reuvers,21.0,5,1,3,33.3,1,2,50.0,0,0,,3,0,3,0,1,2,0,0,2,1,3,A,W,96,49,21,21,25,9,19,18,12,24,36,6,13,0,24,104,94,31,31,23,19,13,17,23,5,19,24,5,13,3,26,98,1.0,3.8,131.6,0.0,0.0,0.0,50.0,0.0,2.6,50.0,52.63,2.9,17.6,2026-2027
BES,VAL,1_8,Regular Season,Mario  Saint-Supery,16.0,7,1,2,50.0,1,2,50.0,2,2,100.0,0,1,1,3,2,3,0,0,2,4,10,A,W,96,49,21,21,25,9,19,18,12,24,36,6,13,0,24,104,94,31,31,23,19,13,17,23,5,19,24,5,13,3,26,98,1.17,7.6,92.1,0.04,39.5,1.0,62.5,0.5,5.6,71.7,39.47,4.3,0.0,2026-2027
BES,VAL,1_8,Regular Season,Alvaro  Cardenas,10.0,0,0,0,,0,1,0.0,0,0,,0,0,0,3,0,1,0,0,1,1,1,A,W,96,49,21,21,25,9,19,18,12,24,36,6,13,0,24,104,94,31,31,23,19,13,17,23,5,19,24,5,13,3,26,98,0.0,1.9,0.0,0.0,157.9,3.0,0.0,0.0,-0.0,0.0,52.63,1.7,0.0,2026-2027
BES,VAL,1_8,Regular Season,Dylan  Osetkowski,18.0,1,0,1,0.0,0,1,0.0,1,1,100.0,1,4,5,0,1,0,0,0,3,0,2,A,W,96,49,21,21,25,9,19,18,12,24,36,6,13,0,24,104,94,31,31,23,19,13,17,23,5,19,24,5,13,3,26,98,0.33,1.4,71.4,0.01,0.0,,0.0,0.5,1.3,20.5,0.0,1.2,5.9,2026-2027
BES,VAL,1_8,Regular Season,Omari  Moore,13.0,2,1,5,20.0,0,1,0.0,0,0,,3,2,5,2,0,0,0,0,1,0,3,A,W,96,49,21,21,25,9,19,18,12,24,36,6,13,0,24,104,94,31,31,23,19,13,17,23,5,19,24,5,13,3,26,98,0.33,2.9,69.0,0.01,69.0,inf,16.7,0.0,1.9,16.7,0.0,4.0,17.6,2026-2027
BES,VAL,1_8,Regular Season,Armoni  Brooks,23.0,10,2,5,40.0,2,6,33.3,0,0,,1,4,5,3,0,2,0,1,1,0,7,A,W,96,49,21,21,25,9,19,18,12,24,36,6,13,0,24,104,94,31,31,23,19,13,17,23,5,19,24,5,13,3,26,98,0.91,11.5,87.0,0.05,26.1,1.5,45.5,0.0,5.5,45.5,17.39,4.9,5.9,2026-2027
BES,VAL,1_8,Regular Season,Neal  Sako,11.0,10,4,4,100.0,0,0,,2,2,100.0,0,2,2,2,0,0,0,0,4,3,13,A,W,96,49,21,21,25,9,19,18,12,24,36,6,13,0,24,104,94,31,31,23,19,13,17,23,5,19,24,5,13,3,26,98,1.67,4.7,212.8,0.07,42.6,inf,100.0,0.5,9.2,102.5,0.0,3.8,0.0,2026-2027
BES,VAL,1_8,Regular Season,Nikola  Mirotic,14.0,13,2,3,66.7,1,3,33.3,6,6,100.0,1,2,3,0,1,0,0,0,2,5,17,A,W,96,49,21,21,25,9,19,18,12,24,36,6,13,0,24,104,94,31,31,23,19,13,17,23,5,19,24,5,13,3,26,98,1.08,7.3,178.1,0.08,0.0,,58.3,1.0,11.5,75.2,0.0,5.4,5.9,2026-2027
BES,VAL,1_8,Regular Season,Jasiel  Rivero,15.0,10,2,4,50.0,1,1,100.0,3,3,100.0,2,1,3,0,0,1,0,1,2,3,10,A,W,96,49,21,21,25,9,19,18,12,24,36,6,13,0,24,104,94,31,31,23,19,13,17,23,5,19,24,5,13,3,26,98,1.25,5.1,196.1,0.05,0.0,0.0,70.0,0.6,7.6,79.1,19.61,4.2,11.8,2026-2027
BOL,FEN,1_9,Regular Season,Wade  Baldwin IV,23.0,12,3,4,75.0,0,4,0.0,6,8,75.0,0,4,4,6,0,4,0,0,2,4,13,H,W,78,35,21,34,21,3,27,18,8,30,38,8,13,3,19,97,68,40,26,14,22,4,12,14,7,25,32,2,12,2,25,55,0.75,14.9,80.5,0.09,40.3,1.5,37.5,1.0,7.4,52.1,26.85,6.4,0.0,2026-2027
BOL,FEN,1_9,Regular Season,Nicolo  Melli,25.0,4,2,4,50.0,0,1,0.0,0,0,,1,4,5,1,2,2,3,1,3,2,8,H,W,78,35,21,34,21,3,27,18,8,30,38,8,13,3,19,97,68,40,26,14,22,4,12,14,7,25,32,2,12,2,25,55,0.8,5.8,69.0,0.05,17.2,0.5,40.0,0.0,4.8,40.0,34.48,2.7,6.7,2026-2027
BOL,FEN,1_9,Regular Season,Sertac  Sanli,10.0,5,0,0,,1,3,33.3,2,2,100.0,0,3,3,0,0,0,0,0,3,1,4,H,W,78,35,21,34,21,3,27,18,8,30,38,8,13,3,19,97,68,40,26,14,22,4,12,14,7,25,32,2,12,2,25,55,1.0,3.7,135.1,0.03,0.0,,50.0,0.67,3.0,64.4,0.0,3.7,0.0,2026-2027
BOL,FEN,1_9,Regular Season,Talen  Horton Tucker,23.0,13,1,4,25.0,2,3,66.7,5,5,100.0,0,3,3,1,1,2,0,0,3,6,15,H,W,78,35,21,34,21,3,27,18,8,30,38,8,13,3,19,97,68,40,26,14,22,4,12,14,7,25,32,2,12,2,25,55,1.08,10.8,120.4,0.09,9.3,0.5,57.1,0.71,8.7,70.7,18.52,4.6,0.0,2026-2027
BOL,FEN,1_9,Regular Season,Trent  Forrest,25.0,4,2,4,50.0,0,3,0.0,0,0,,3,2,5,3,1,1,0,0,1,1,7,H,W,78,35,21,34,21,3,27,18,8,30,38,8,13,3,19,97,68,40,26,14,22,4,12,14,7,25,32,2,12,2,25,55,0.57,4.8,83.3,0.04,62.5,3.0,28.6,0.0,4.3,28.6,20.83,3.0,20.0,2026-2027
BOL,FEN,1_9,Regular Season,Braxton  Key,25.0,11,4,5,80.0,0,0,,3,6,50.0,3,7,10,3,1,1,0,0,1,3,22,H,W,78,35,21,34,21,3,27,18,8,30,38,8,13,3,19,97,68,40,26,14,22,4,12,14,7,25,32,2,12,2,25,55,1.0,5.4,203.7,0.17,55.6,3.0,80.0,1.2,13.8,72.0,18.52,3.3,20.0,2026-2027
BOL,FEN,1_9,Regular Season,Will  Clyburn,19.0,8,2,5,40.0,0,3,0.0,4,4,100.0,0,3,3,1,2,0,0,1,0,3,10,H,W,78,35,21,34,21,3,27,18,8,30,38,8,13,3,19,97,68,40,26,14,22,4,12,14,7,25,32,2,12,2,25,55,0.67,9.4,85.1,0.08,10.6,inf,25.0,0.5,6.8,41.0,0.0,4.9,0.0,2026-2027
BOL,FEN,1_9,Regular Season,Chris  Silva,6.0,3,1,1,100.0,0,0,,1,2,50.0,1,1,2,0,0,2,0,0,3,1,0,H,W,78,35,21,34,21,3,27,18,8,30,38,8,13,3,19,97,68,40,26,14,22,4,12,14,7,25,32,2,12,2,25,55,1.0,2.8,107.1,-0.01,0.0,0.0,100.0,2.0,0.1,79.8,71.43,6.2,6.7,2026-2027
BOL,FEN,1_9,Regular Season,Shavon  Shields,27.0,12,4,6,66.7,0,2,0.0,4,5,80.0,0,2,2,3,1,0,0,0,2,3,14,H,W,78,35,21,34,21,3,27,18,8,30,38,8,13,3,19,97,68,40,26,14,22,4,12,14,7,25,32,2,12,2,25,55,0.92,9.8,122.4,0.11,30.6,inf,50.0,0.62,10.5,58.8,0.0,3.6,0.0,2026-2027
BOL,FEN,1_9,Regular Season,Ignas  Sargiunas,16.0,6,2,2,100.0,0,2,0.0,2,2,100.0,0,1,1,0,0,1,0,0,1,1,4,H,W,78,35,21,34,21,3,27,18,8,30,38,8,13,3,19,97,68,40,26,14,22,4,12,14,7,25,32,2,12,2,25,55,1.0,5.6,107.1,0.03,0.0,0.0,50.0,0.5,2.9,61.5,17.86,3.5,0.0,2026-2027
FEN,BOL,1_9,Regular Season,Rasheed  Bello,13.0,6,3,6,50.0,0,3,0.0,0,0,,0,1,1,0,1,3,0,1,4,2,-4,A,L,68,40,26,14,22,4,12,14,7,25,32,2,12,2,25,55,78,35,21,34,21,3,27,18,8,30,38,8,13,3,19,97,0.67,11.5,52.2,-0.05,0.0,0.0,33.3,0.0,-2.4,33.3,26.09,8.8,0.0,2026-2027
FEN,BOL,1_9,Regular Season,Trent  Frazier,17.0,8,2,5,40.0,0,7,0.0,4,4,100.0,0,2,2,3,0,3,0,1,1,4,2,A,L,68,40,26,14,22,4,12,14,7,25,32,2,12,2,25,55,78,35,21,34,21,3,27,18,8,30,38,8,13,3,19,97,0.5,16.1,49.7,-0.01,18.6,1.0,16.7,0.33,-0.3,29.1,18.63,9.4,0.0,2026-2027
FEN,BOL,1_9,Regular Season,Marcus  Carr,20.0,12,4,9,44.4,1,4,25.0,1,2,50.0,0,0,0,4,0,2,0,1,3,3,4,A,L,68,40,26,14,22,4,12,14,7,25,32,2,12,2,25,55,78,35,21,34,21,3,27,18,8,30,38,8,13,3,19,97,0.8,15.2,78.9,0.02,26.3,2.0,42.3,0.15,4.1,43.2,13.16,7.5,0.0,2026-2027
FEN,BOL,1_9,Regular Season,Wendell  Moore,26.0,9,3,4,75.0,1,5,20.0,0,0,,1,6,7,1,0,0,0,0,2,1,11,A,L,68,40,26,14,22,4,12,14,7,25,32,2,12,2,25,55,78,35,21,34,21,3,27,18,8,30,38,8,13,3,19,97,1.0,7.7,116.9,0.09,13.0,inf,50.0,0.0,6.7,50.0,0.0,3.3,6.7,2026-2027
FEN,BOL,1_9,Regular Season,Kessler  Edwards,24.0,2,1,1,100.0,0,0,,0,0,,1,6,7,1,0,0,1,0,1,2,12,A,L,68,40,26,14,22,4,12,14,7,25,32,2,12,2,25,55,78,35,21,34,21,3,27,18,8,30,38,8,13,3,19,97,2.0,0.0,inf,0.09,inf,inf,100.0,0.0,5.2,100.0,,0.4,6.7,2026-2027
FEN,BOL,1_9,Regular Season,Derrick  Alston Jr.,26.0,10,2,5,40.0,2,5,40.0,0,0,,0,2,2,1,0,1,0,0,3,1,4,A,L,68,40,26,14,22,4,12,14,7,25,32,2,12,2,25,55,78,35,21,34,21,3,27,18,8,30,38,8,13,3,19,97,1.0,10.6,94.3,0.03,9.4,1.0,50.0,0.0,3.7,50.0,9.43,4.0,0.0,2026-2027
FEN,BOL,1_9,Regular Season,Daniel  Hackett,15.0,0,0,0,,0,1,0.0,0,0,,1,3,4,1,0,1,0,0,2,0,1,A,L,68,40,26,14,22,4,12,14,7,25,32,2,12,2,25,55,78,35,21,34,21,3,27,18,8,30,38,8,13,3,19,97,0.0,1.0,0.0,0.0,100.0,1.0,0.0,0.0,-0.2,0.0,100.0,1.3,6.7,2026-2027
FEN,BOL,1_9,Regular Season,Francesco  Ferrari,4.0,2,1,1,100.0,0,0,,0,0,,1,0,1,0,0,0,0,0,0,0,3,A,L,68,40,26,14,22,4,12,14,7,25,32,2,12,2,25,55,78,35,21,34,21,3,27,18,8,30,38,8,13,3,19,97,2.0,0.0,inf,0.02,,,100.0,0.0,2.4,100.0,,2.4,6.7,2026-2027
FEN,BOL,1_9,Regular Season,Aliou  Diarra,22.0,8,3,5,60.0,0,0,,2,2,100.0,0,1,1,1,0,0,1,0,1,2,10,A,L,68,40,26,14,22,4,12,14,7,25,32,2,12,2,25,55,78,35,21,34,21,3,27,18,8,30,38,8,13,3,19,97,1.14,5.6,142.9,0.07,17.9,inf,60.0,0.4,7.0,68.0,0.0,2.5,0.0,2026-2027
FEN,BOL,1_9,Regular Season,Bo  Klintman,21.0,4,2,2,100.0,0,1,0.0,0,0,,1,3,4,2,0,1,0,0,5,0,3,A,L,68,40,26,14,22,4,12,14,7,25,32,2,12,2,25,55,78,35,21,34,21,3,27,18,8,30,38,8,13,3,19,97,1.33,2.9,137.9,0.02,69.0,2.0,66.7,0.0,2.7,66.7,34.48,1.8,6.7,2026-2027
FEN,BOL,1_9,Regular Season,Mouhamet  Diouf,13.0,7,1,2,50.0,0,0,,5,6,83.3,2,1,3,0,1,1,0,0,3,4,9,A,L,68,40,26,14,22,4,12,14,7,25,32,2,12,2,25,55,78,35,21,34,21,3,27,18,8,30,38,8,13,3,19,97,0.88,3.5,200.0,0.04,0.0,0.0,50.0,3.0,6.1,75.4,28.57,4.1,13.3,2026-2027
MIL,PAR,1_10,Regular Season,Kyle  Allman,16.0,8,4,5,80.0,0,1,0.0,0,1,0.0,0,2,2,1,0,1,0,0,2,1,6,H,W,92,38,24,18,23,11,13,21,8,21,29,12,9,4,18,117,76,34,23,11,17,11,9,17,5,20,25,2,15,1,19,70,1.14,7.1,112.7,0.03,14.1,1.0,66.7,0.17,4.5,62.1,14.08,4.7,0.0,2026-2027
MIL,PAR,1_10,Regular Season,Carlik  Jones,27.0,20,2,5,40.0,4,6,66.7,4,4,100.0,2,2,4,10,0,0,0,0,1,5,33,H,W,92,38,24,18,23,11,13,21,8,21,29,12,9,4,18,117,76,34,23,11,17,11,9,17,5,20,25,2,15,1,19,70,1.33,10.3,194.2,0.19,97.1,inf,72.7,0.36,23.3,78.4,0.0,4.8,15.4,2026-2027
MIL,PAR,1_10,Regular Season,Luca  Vildoza,17.0,7,0,0,,2,5,40.0,1,2,50.0,0,1,1,3,4,2,0,0,2,2,9,H,W,92,38,24,18,23,11,13,21,8,21,29,12,9,4,18,117,76,34,23,11,17,11,9,17,5,20,25,2,15,1,19,70,1.0,7.6,92.1,0.05,39.5,1.5,60.0,0.4,7.5,59.5,26.32,4.7,0.0,2026-2027
MIL,PAR,1_10,Regular Season,Ethan  Thompson,12.0,5,1,2,50.0,1,3,33.3,0,0,,1,0,1,0,0,1,0,0,3,0,-1,H,W,92,38,24,18,23,11,13,21,8,21,29,12,9,4,18,117,76,34,23,11,17,11,9,17,5,20,25,2,15,1,19,70,1.0,4.8,104.2,-0.01,0.0,0.0,50.0,0.0,0.8,50.0,20.83,5.1,7.7,2026-2027
MIL,PAR,1_10,Regular Season,Nikola  Tanaskovic,23.0,7,3,6,50.0,0,0,,1,2,50.0,4,2,6,0,1,0,0,1,1,1,9,H,W,92,38,24,18,23,11,13,21,8,21,29,12,9,4,18,117,76,34,23,11,17,11,9,17,5,20,25,2,15,1,19,70,0.88,2.8,250.0,0.05,0.0,,50.0,0.33,7.6,50.9,0.0,3.0,30.8,2026-2027
MIL,PAR,1_10,Regular Season,Lamar  Stevens,23.0,11,5,9,55.6,0,1,0.0,1,1,100.0,0,5,5,0,2,0,0,0,0,1,14,H,W,92,38,24,18,23,11,13,21,8,21,29,12,9,4,18,117,76,34,23,11,17,11,9,17,5,20,25,2,15,1,19,70,1.0,10.0,110.0,0.09,0.0,,50.0,0.1,9.5,52.7,0.0,4.6,0.0,2026-2027
MIL,PAR,1_10,Regular Season,Kevarrius  Hayes,17.0,10,5,6,83.3,0,0,,0,0,,1,2,3,1,0,0,2,0,4,1,12,H,W,92,38,24,18,23,11,13,21,8,21,29,12,9,4,18,117,76,34,23,11,17,11,9,17,5,20,25,2,15,1,19,70,1.67,4.8,208.3,0.07,20.8,inf,83.3,0.0,9.6,83.3,0.0,3.6,7.7,2026-2027
MIL,PAR,1_10,Regular Season,Arijan  Lakic,21.0,7,0,0,,2,4,50.0,1,2,50.0,0,1,1,0,0,1,0,0,3,2,3,H,W,92,38,24,18,23,11,13,21,8,21,29,12,9,4,18,117,76,34,23,11,17,11,9,17,5,20,25,2,15,1,19,70,1.17,5.6,125.0,0.01,0.0,0.0,75.0,0.5,2.7,71.7,17.86,2.8,0.0,2026-2027
MIL,PAR,1_10,Regular Season,Tonye  Jekiri,20.0,7,2,3,66.7,0,0,,3,4,75.0,0,1,1,3,3,2,1,0,1,4,14,H,W,92,38,24,18,23,11,13,21,8,21,29,12,9,4,18,117,76,34,23,11,17,11,9,17,5,20,25,2,15,1,19,70,1.0,6.5,107.7,0.07,46.2,1.5,66.7,1.33,9.0,73.5,30.77,3.4,0.0,2026-2027
MIL,PAR,1_10,Regular Season,Derek  Willis,3.0,3,0,0,,1,1,100.0,0,0,,0,1,1,0,0,0,1,0,0,0,5,H,W,92,38,24,18,23,11,13,21,8,21,29,12,9,4,18,117,76,34,23,11,17,11,9,17,5,20,25,2,15,1,19,70,3.0,1.0,300.0,0.03,0.0,,150.0,0.0,3.7,150.0,0.0,3.4,0.0,2026-2027
MIL,PAR,1_10,Regular Season,Alessandro  Pajola,20.0,7,1,2,50.0,1,3,33.3,2,2,100.0,0,4,4,3,2,2,0,0,1,3,13,H,W,92,38,24,18,23,11,13,21,8,21,29,12,9,4,18,117,76,34,23,11,17,11,9,17,5,20,25,2,15,1,19,70,1.0,7.6,92.1,0.07,39.5,1.5,50.0,0.4,7.2,59.5,26.32,4.0,0.0,2026-2027
PAR,MIL,1_10,Regular Season,Jason  Burnell,12.0,3,0,1,0.0,1,2,50.0,0,0,,0,1,1,1,1,0,0,0,4,0,0,A,L,76,34,23,11,17,11,9,17,5,20,25,2,15,1,19,70,92,38,24,18,23,11,13,21,8,21,29,12,9,4,18,117,1.0,2.9,103.4,0.0,34.5,inf,50.0,0.0,1.7,50.0,0.0,2.6,0.0,2026-2027
PAR,MIL,1_10,Regular Season,Rj  Cole,8.0,0,0,0,,0,1,0.0,0,0,,0,0,0,0,0,2,0,0,3,0,-6,A,L,76,34,23,11,17,11,9,17,5,20,25,2,15,1,19,70,92,38,24,18,23,11,13,21,8,21,29,12,9,4,18,117,0.0,2.9,0.0,-0.04,0.0,0.0,0.0,0.0,-3.9,0.0,68.97,3.9,0.0,2026-2027
PAR,MIL,1_10,Regular Season,Moses  Wright,27.0,6,2,4,50.0,0,1,0.0,2,3,66.7,2,5,7,3,0,4,0,0,2,3,9,A,L,76,34,23,11,17,11,9,17,5,20,25,2,15,1,19,70,92,38,24,18,23,11,13,21,8,21,29,12,9,4,18,117,0.75,8.0,75.0,0.03,37.5,0.8,40.0,0.6,3.1,47.5,50.0,4.0,15.4,2026-2027
PAR,MIL,1_10,Regular Season,Leandro  Bolmaro,24.0,1,0,3,0.0,0,0,,1,2,50.0,0,2,2,2,0,1,1,0,2,2,1,A,L,76,34,23,11,17,11,9,17,5,20,25,2,15,1,19,70,92,38,24,18,23,11,13,21,8,21,29,12,9,4,18,117,0.2,4.7,21.3,-0.01,42.6,2.0,0.0,0.67,-0.6,12.9,21.28,2.1,0.0,2026-2027
PAR,MIL,1_10,Regular Season,Darius  Thompson,21.0,7,3,4,75.0,0,2,0.0,1,1,100.0,0,0,0,2,1,2,0,0,3,1,3,A,L,76,34,23,11,17,11,9,17,5,20,25,2,15,1,19,70,92,38,24,18,23,11,13,21,8,21,29,12,9,4,18,117,1.0,8.1,86.4,0.01,24.7,1.0,50.0,0.17,3.2,54.3,24.69,4.2,0.0,2026-2027
PAR,MIL,1_10,Regular Season,Giampaolo  Ricci,6.0,3,0,0,,1,1,100.0,0,0,,0,2,2,0,0,0,0,0,0,1,6,A,L,76,34,23,11,17,11,9,17,5,20,25,2,15,1,19,70,92,38,24,18,23,11,13,21,8,21,29,12,9,4,18,117,3.0,1.0,300.0,0.03,0.0,,150.0,0.0,3.3,150.0,0.0,1.7,0.0,2026-2027
PAR,MIL,1_10,Regular Season,Diego  Flaccadori,3.0,0,0,0,,0,0,,0,0,,0,0,0,0,0,1,0,0,0,0,-1,A,L,76,34,23,11,17,11,9,17,5,20,25,2,15,1,19,70,92,38,24,18,23,11,13,21,8,21,29,12,9,4,18,117,,1.0,0.0,-0.01,0.0,0.0,,,-1.0,,100.0,3.5,0.0,2026-2027
PAR,MIL,1_10,Regular Season,Devon  Hall,28.0,13,2,5,40.0,3,6,50.0,0,0,,1,4,5,3,0,1,0,1,0,3,16,A,L,76,34,23,11,17,11,9,17,5,20,25,2,15,1,19,70,92,38,24,18,23,11,13,21,8,21,29,12,9,4,18,117,1.18,10.6,122.6,0.09,28.3,3.0,59.1,0.0,10.3,59.1,9.43,4.5,7.7,2026-2027
PAR,MIL,1_10,Regular Season,Marko  Guduric,29.0,17,4,7,57.1,3,6,50.0,0,0,,0,3,3,5,0,2,0,1,1,0,15,A,L,76,34,23,11,17,11,9,17,5,20,25,2,15,1,19,70,92,38,24,18,23,11,13,21,8,21,29,12,9,4,18,117,1.31,14.4,118.1,0.11,34.7,2.5,65.4,0.0,12.7,65.4,13.89,5.4,0.0,2026-2027
PAR,MIL,1_10,Regular Season,Alec  Peters,30.0,17,3,5,60.0,2,2,100.0,5,5,100.0,1,1,2,1,0,1,0,2,2,8,21,A,L,76,34,23,11,17,11,9,17,5,20,25,2,15,1,19,70,92,38,24,18,23,11,13,21,8,21,29,12,9,4,18,117,1.42,8.8,193.2,0.1,11.4,1.0,85.7,0.71,14.0,92.4,11.36,3.5,7.7,2026-2027
PAR,MIL,1_10,Regular Season,Devin  Booker,10.0,9,3,5,60.0,1,2,50.0,0,0,,1,2,3,0,0,1,0,0,2,0,6,A,L,76,34,23,11,17,11,9,17,5,20,25,2,15,1,19,70,92,38,24,18,23,11,13,21,8,21,29,12,9,4,18,117,1.29,6.7,134.3,0.04,0.0,0.0,64.3,0.0,5.2,64.3,14.93,8.3,7.7,2026-2027
RMB,EFE,2_1,Regular Season,Jordan  Loyd,17.0,12,2,4,50.0,2,3,66.7,2,2,100.0,1,3,4,1,0,0,0,1,3,2,12,H,W,94,44,25,22,22,10,20,18,5,16,21,11,10,2,21,95,84,32,26,22,19,9,19,23,10,23,33,4,20,5,24,91,1.33,6.6,181.8,0.08,15.2,inf,71.4,0.29,9.8,76.1,0.0,4.2,6.7,2026-2027
RMB,EFE,2_1,Regular Season,Santi  Yusta,7.0,3,0,1,0.0,1,1,100.0,0,0,,0,0,0,1,0,0,0,1,1,0,1,H,W,94,44,25,22,22,10,20,18,5,16,21,11,10,2,21,95,84,32,26,22,19,9,19,23,10,23,33,4,20,5,24,91,1.5,1.9,157.9,0.01,52.6,inf,75.0,0.0,2.3,75.0,0.0,2.6,0.0,2026-2027
RMB,EFE,2_1,Regular Season,Dario  Saric,22.0,10,2,4,50.0,1,3,33.3,3,3,100.0,1,2,3,4,0,2,0,0,3,2,10,H,W,94,44,25,22,22,10,20,18,5,16,21,11,10,2,21,95,84,32,26,22,19,9,19,23,10,23,33,4,20,5,24,91,1.0,8.9,112.4,0.05,44.9,2.0,50.0,0.43,7.2,60.1,22.47,4.2,6.7,2026-2027
RMB,EFE,2_1,Regular Season,Daron  Russell,8.0,5,1,3,33.3,1,2,50.0,0,0,,0,1,1,1,1,1,0,0,1,1,4,H,W,94,44,25,22,22,10,20,18,5,16,21,11,10,2,21,95,84,32,26,22,19,9,19,23,10,23,33,4,20,5,24,91,1.0,5.8,86.2,0.02,17.2,1.0,50.0,0.0,2.9,50.0,17.24,6.8,0.0,2026-2027
RMB,EFE,2_1,Regular Season,Pj  Dozier,18.0,18,4,7,57.1,2,3,66.7,4,4,100.0,1,0,1,3,2,2,0,0,2,2,18,H,W,94,44,25,22,22,10,20,18,5,16,21,11,10,2,21,95,84,32,26,22,19,9,19,23,10,23,33,4,20,5,24,91,1.29,12.2,147.5,0.11,24.6,1.5,70.0,0.4,15.4,76.5,16.39,6.9,6.7,2026-2027
RMB,EFE,2_1,Regular Season,Collin  Malcolm,16.0,2,0,0,,0,1,0.0,2,2,100.0,0,0,0,0,1,0,0,0,1,1,2,H,W,94,44,25,22,22,10,20,18,5,16,21,11,10,2,21,95,84,32,26,22,19,9,19,23,10,23,33,4,20,5,24,91,0.67,1.8,111.1,0.01,0.0,,0.0,2.0,1.9,53.2,0.0,1.1,0.0,2026-2027
RMB,EFE,2_1,Regular Season,Bruno  Fernando,18.0,8,4,4,100.0,0,0,,0,0,,1,3,4,0,0,1,0,0,4,3,10,H,W,94,44,25,22,22,10,20,18,5,16,21,11,10,2,21,95,84,32,26,22,19,9,19,23,10,23,33,4,20,5,24,91,2.0,3.8,210.5,0.05,0.0,0.0,100.0,0.0,5.8,100.0,26.32,2.5,6.7,2026-2027
RMB,EFE,2_1,Regular Season,Ercan  Osmani,20.0,5,2,4,50.0,0,2,0.0,1,1,100.0,0,0,0,0,0,0,0,0,1,2,2,H,W,94,44,25,22,22,10,20,18,5,16,21,11,10,2,21,95,84,32,26,22,19,9,19,23,10,23,33,4,20,5,24,91,0.71,6.2,80.6,0.0,0.0,,33.3,0.17,1.2,38.8,0.0,2.9,0.0,2026-2027
RMB,EFE,2_1,Regular Season,Matthew  Strazel,23.0,14,1,5,20.0,2,5,40.0,6,7,85.7,0,3,3,4,1,2,0,3,3,5,11,H,W,94,44,25,22,22,10,20,18,5,16,21,11,10,2,21,95,84,32,26,22,19,9,19,23,10,23,33,4,20,5,24,91,0.82,14.5,96.6,0.07,27.6,2.0,40.0,0.7,9.3,53.5,13.79,5.9,0.0,2026-2027
RMB,EFE,2_1,Regular Season,Mike  James,31.0,12,4,9,44.4,1,5,20.0,1,2,50.0,0,2,2,4,3,1,0,0,2,5,13,H,W,94,44,25,22,22,10,20,18,5,16,21,11,10,2,21,95,84,32,26,22,19,9,19,23,10,23,33,4,20,5,24,91,0.75,15.2,78.9,0.06,26.3,4.0,39.3,0.14,8.4,40.3,6.58,4.6,0.0,2026-2027
RMB,EFE,2_1,Regular Season,Kai  Jones,18.0,5,2,3,66.7,0,0,,1,1,100.0,1,2,3,0,3,1,2,0,0,1,12,H,W,94,44,25,22,22,10,20,18,5,16,21,11,10,2,21,95,84,32,26,22,19,9,19,23,10,23,33,4,20,5,24,91,1.25,3.3,151.5,0.07,0.0,0.0,66.7,0.33,8.4,72.7,30.3,2.2,6.7,2026-2027
EFE,RMB,2_1,Regular Season,Nick  Smith Jr,13.0,10,1,1,100.0,1,2,50.0,5,6,83.3,2,0,2,1,1,2,1,0,4,3,10,A,L,84,32,26,22,19,9,19,23,10,23,33,4,20,5,24,91,94,44,25,22,22,10,20,18,5,16,21,11,10,2,21,95,1.11,5.4,185.2,0.04,18.5,0.5,83.3,2.0,8.5,88.7,37.04,5.4,13.3,2026-2027
EFE,RMB,2_1,Regular Season,Timothe  Luwawu-Cabarrot,11.0,0,0,3,0.0,0,2,0.0,0,0,,0,0,0,0,0,2,0,0,3,0,-10,A,L,84,32,26,22,19,9,19,23,10,23,33,4,20,5,24,91,94,44,25,22,22,10,20,18,5,16,21,11,10,2,21,95,0.0,6.7,0.0,-0.07,0.0,0.0,0.0,0.0,-6.7,0.0,29.85,5.8,0.0,2026-2027
EFE,RMB,2_1,Regular Season,Jaime  Pradilla,10.0,4,1,1,100.0,0,1,0.0,2,2,100.0,0,1,1,2,1,0,0,0,1,2,8,A,L,84,32,26,22,19,9,19,23,10,23,33,4,20,5,24,91,94,44,25,22,22,10,20,18,5,16,21,11,10,2,21,95,1.0,2.8,142.9,0.04,71.4,inf,50.0,1.0,5.3,69.4,0.0,2.6,0.0,2026-2027
EFE,RMB,2_1,Regular Season,Alberto  Abalde,12.0,3,0,1,0.0,1,1,100.0,0,0,,1,2,3,3,0,0,0,0,2,0,6,A,L,84,32,26,22,19,9,19,23,10,23,33,4,20,5,24,91,94,44,25,22,22,10,20,18,5,16,21,11,10,2,21,95,1.5,1.0,300.0,0.04,300.0,inf,75.0,0.0,4.6,75.0,0.0,1.5,6.7,2026-2027
EFE,RMB,2_1,Regular Season,Facundo  Campazzo,23.0,16,4,6,66.7,2,4,50.0,2,2,100.0,2,1,3,3,0,5,0,0,0,3,16,A,L,84,32,26,22,19,9,19,23,10,23,33,4,20,5,24,91,94,44,25,22,22,10,20,18,5,16,21,11,10,2,21,95,1.33,13.3,120.3,0.09,22.6,0.6,70.0,0.2,10.2,73.5,37.59,6.3,13.3,2026-2027
EFE,RMB,2_1,Regular Season,Chuma  Okeke,20.0,11,1,1,100.0,3,6,50.0,0,0,,0,4,4,1,0,1,1,0,0,1,14,A,L,84,32,26,22,19,9,19,23,10,23,33,4,20,5,24,91,94,44,25,22,22,10,20,18,5,16,21,11,10,2,21,95,1.57,7.7,142.9,0.09,13.0,1.0,78.6,0.0,9.3,78.6,12.99,3.6,0.0,2026-2027
EFE,RMB,2_1,Regular Season,Theo  Maledon,20.0,9,2,3,66.7,0,3,0.0,5,6,83.3,2,2,4,5,0,4,0,1,2,6,12,A,L,84,32,26,22,19,9,19,23,10,23,33,4,20,5,24,91,94,44,25,22,22,10,20,18,5,16,21,11,10,2,21,95,0.75,10.2,88.2,0.04,49.0,1.2,33.3,1.0,5.9,52.1,39.22,5.8,13.3,2026-2027
EFE,RMB,2_1,Regular Season,Gabriel  Deck,22.0,2,1,1,100.0,0,0,,0,0,,0,3,3,1,0,1,0,0,2,0,3,A,L,84,32,26,22,19,9,19,23,10,23,33,4,20,5,24,91,94,44,25,22,22,10,20,18,5,16,21,11,10,2,21,95,2.0,1.9,105.3,0.02,52.6,1.0,100.0,0.0,1.5,100.0,52.63,0.8,0.0,2026-2027
EFE,RMB,2_1,Regular Season,Mikael  Jantunen,19.0,7,1,3,33.3,1,6,16.7,2,2,100.0,1,2,3,2,0,0,0,0,3,3,5,A,L,84,32,26,22,19,9,19,23,10,23,33,4,20,5,24,91,94,44,25,22,22,10,20,18,5,16,21,11,10,2,21,95,0.64,8.5,82.4,0.01,23.5,inf,27.8,0.22,3.0,35.4,0.0,4.7,6.7,2026-2027
EFE,RMB,2_1,Regular Season,Walter  Tavares,22.0,8,4,4,100.0,0,0,,0,0,,2,5,7,0,1,3,2,0,1,0,14,A,L,84,32,26,22,19,9,19,23,10,23,33,4,20,5,24,91,94,44,25,22,22,10,20,18,5,16,21,11,10,2,21,95,2.0,4.8,166.7,0.09,0.0,0.0,100.0,0.0,8.7,100.0,62.5,2.9,13.3,2026-2027
EFE,RMB,2_1,Regular Season,Andres  Feliz,18.0,10,2,4,50.0,1,1,100.0,3,4,75.0,0,3,3,5,1,2,1,1,2,3,15,A,L,84,32,26,22,19,9,19,23,10,23,33,4,20,5,24,91,94,44,25,22,22,10,20,18,5,16,21,11,10,2,21,95,1.11,8.4,119.0,0.09,59.5,2.5,70.0,0.8,10.6,74.0,23.81,4.4,0.0,2026-2027
EFE,RMB,2_1,Regular Season,Damian  Jones,9.0,4,2,4,50.0,0,0,,0,0,,0,0,0,0,0,0,0,0,4,0,-2,A,L,84,32,26,22,19,9,19,23,10,23,33,4,20,5,24,91,94,44,25,22,22,10,20,18,5,16,21,11,10,2,21,95,1.0,3.8,105.3,-0.01,0.0,,50.0,0.0,0.4,50.0,0.0,4.1,0.0,2026-2027
HTA,CRV,2_2,Regular Season,Johnathan  Motley,16.0,2,1,3,33.3,0,0,,0,0,,3,3,6,1,0,4,0,1,3,2,1,H,L,80,41,28,20,20,8,16,21,15,32,47,2,12,2,29,83,81,36,30,30,16,9,22,12,9,26,35,7,6,5,22,90,0.67,3.8,52.6,-0.01,26.3,0.2,33.3,0.0,-1.2,33.3,105.26,3.9,12.5,2026-2027
HTA,CRV,2_2,Regular Season,Chris  Jones,17.0,6,2,3,66.7,0,3,0.0,2,2,100.0,0,1,1,4,0,2,0,0,2,3,6,H,L,80,41,28,20,20,8,16,21,15,32,47,2,12,2,29,83,81,36,30,30,16,9,22,12,9,26,35,7,6,5,22,90,0.75,8.5,70.6,0.03,47.1,2.0,33.3,0.33,2.9,43.6,23.53,4.7,0.0,2026-2027
HTA,CRV,2_2,Regular Season,Stefan  Miljenovic,5.0,3,0,1,0.0,1,1,100.0,0,0,,0,0,0,0,0,1,0,1,2,1,-1,H,L,80,41,28,20,20,8,16,21,15,32,47,2,12,2,29,83,81,36,30,30,16,9,22,12,9,26,35,7,6,5,22,90,1.5,2.9,103.4,-0.01,0.0,0.0,75.0,0.0,0.2,75.0,34.48,5.3,0.0,2026-2027
HTA,CRV,2_2,Regular Season,Nick  Weiler-Babb,17.0,2,1,2,50.0,0,2,0.0,0,0,,1,5,6,6,0,1,0,0,3,0,7,H,L,80,41,28,20,20,8,16,21,15,32,47,2,12,2,29,83,81,36,30,30,16,9,22,12,9,26,35,7,6,5,22,90,0.5,3.8,52.6,0.06,157.9,6.0,25.0,0.0,3.8,25.0,26.32,2.6,4.2,2026-2027
HTA,CRV,2_2,Regular Season,Jared  Butler,19.0,19,3,5,60.0,4,7,57.1,1,1,100.0,1,1,2,2,0,0,1,1,3,2,17,H,L,80,41,28,20,20,8,16,21,15,32,47,2,12,2,29,83,81,36,30,30,16,9,22,12,9,26,35,7,6,5,22,90,1.46,11.0,172.7,0.13,18.2,inf,75.0,0.08,15.3,76.4,0.0,5.8,4.2,2026-2027
HTA,CRV,2_2,Regular Season,Tyson  Carter,19.0,12,3,5,60.0,2,4,50.0,0,0,,0,2,2,3,0,0,0,1,0,0,12,H,L,80,41,28,20,20,8,16,21,15,32,47,2,12,2,29,83,81,36,30,30,16,9,22,12,9,26,35,7,6,5,22,90,1.33,8.6,139.5,0.11,34.9,inf,66.7,0.0,10.4,66.7,0.0,4.2,0.0,2026-2027
HTA,CRV,2_2,Regular Season,Ognjen  Dobric,11.0,5,1,2,50.0,1,2,50.0,0,0,,0,0,0,0,0,1,0,0,2,1,1,H,L,80,41,28,20,20,8,16,21,15,32,47,2,12,2,29,83,81,36,30,30,16,9,22,12,9,26,35,7,6,5,22,90,1.25,4.8,104.2,0.0,0.0,0.0,62.5,0.0,1.2,62.5,20.83,4.0,0.0,2026-2027
HTA,CRV,2_2,Regular Season,Izundu  Ebuka,17.0,5,2,7,28.6,0,0,,1,2,50.0,5,4,9,0,0,0,0,0,3,1,6,H,L,80,41,28,20,20,8,16,21,15,32,47,2,12,2,29,83,81,36,30,30,16,9,22,12,9,26,35,7,6,5,22,90,0.56,2.8,178.6,0.02,0.0,,28.6,0.29,4.0,31.7,0.0,4.1,20.8,2026-2027
HTA,CRV,2_2,Regular Season,Jordan  Nwora,24.0,13,3,7,42.9,0,3,0.0,7,9,77.8,0,5,5,1,1,1,0,0,2,6,14,H,L,80,41,28,20,20,8,16,21,15,32,47,2,12,2,29,83,81,36,30,30,16,9,22,12,9,26,35,7,6,5,22,90,0.68,14.4,90.3,0.07,6.9,1.0,30.0,0.9,7.8,46.6,6.94,5.6,0.0,2026-2027
HTA,CRV,2_2,Regular Season,Semi  Ojeleye,27.0,4,1,2,50.0,0,2,0.0,2,2,100.0,3,5,8,3,1,1,1,1,3,3,12,H,L,80,41,28,20,20,8,16,21,15,32,47,2,12,2,29,83,81,36,30,30,16,9,22,12,9,26,35,7,6,5,22,90,0.67,2.8,142.9,0.07,107.1,3.0,25.0,0.5,6.8,41.0,35.71,1.9,12.5,2026-2027
HTA,CRV,2_2,Regular Season,David  Kramer,9.0,0,0,1,0.0,0,1,0.0,0,0,,0,1,1,0,0,1,0,0,2,0,-4,H,L,80,41,28,20,20,8,16,21,15,32,47,2,12,2,29,83,81,36,30,30,16,9,22,12,9,26,35,7,6,5,22,90,0.0,2.9,0.0,-0.04,0.0,0.0,0.0,0.0,-2.9,0.0,34.48,3.0,0.0,2026-2027
HTA,CRV,2_2,Regular Season,Chima  Moneke,18.0,9,3,3,100.0,0,3,0.0,3,4,75.0,2,5,7,1,0,0,0,0,4,3,12,H,L,80,41,28,20,20,8,16,21,15,32,47,2,12,2,29,83,81,36,30,30,16,9,22,12,9,26,35,7,6,5,22,90,0.9,5.5,163.6,0.07,18.2,inf,50.0,0.67,7.6,58.0,0.0,3.8,8.3,2026-2027
CRV,HTA,2_2,Regular Season,Eugene  German,3.0,2,1,1,100.0,0,0,,0,0,,0,1,1,0,0,0,0,0,0,0,3,A,W,81,36,30,30,16,9,22,12,9,26,35,7,6,5,22,90,80,41,28,20,20,8,16,21,15,32,47,2,12,2,29,83,2.0,1.0,200.0,0.03,0.0,,100.0,0.0,2.0,100.0,0.0,3.1,0.0,2026-2027
CRV,HTA,2_2,Regular Season,Antonio  Blakeney,25.0,12,2,5,40.0,1,6,16.7,5,6,83.3,0,2,2,1,1,0,0,0,2,3,8,A,W,81,36,30,30,16,9,22,12,9,26,35,7,6,5,22,90,80,41,28,20,20,8,16,21,15,32,47,2,12,2,29,83,0.71,13.1,91.6,0.04,7.6,inf,31.8,0.55,6.6,44.0,0.0,5.1,0.0,2026-2027
CRV,HTA,2_2,Regular Season,Elijah  Bryant,37.0,18,3,8,37.5,1,3,33.3,9,9,100.0,1,9,10,4,4,2,0,0,3,7,31,A,W,81,36,30,30,16,9,22,12,9,26,35,7,6,5,22,90,80,41,28,20,20,8,16,21,15,32,47,2,12,2,29,83,0.9,15.3,117.6,0.21,26.1,2.0,40.9,0.82,18.9,60.2,13.07,4.3,4.2,2026-2027
CRV,HTA,2_2,Regular Season,Khadeen  Carrington,1.0,0,0,0,,0,0,,0,0,,0,0,0,0,0,0,0,0,1,0,-1,A,W,81,36,30,30,16,9,22,12,9,26,35,7,6,5,22,90,80,41,28,20,20,8,16,21,15,32,47,2,12,2,29,83,,0.0,,-0.01,,,,,-0.4,,,0.0,0.0,2026-2027
CRV,HTA,2_2,Regular Season,Ish  Wainright,17.0,5,0,1,0.0,1,3,33.3,2,2,100.0,2,0,2,0,1,0,1,0,2,2,6,A,W,81,36,30,30,16,9,22,12,9,26,35,7,6,5,22,90,80,41,28,20,20,8,16,21,15,32,47,2,12,2,29,83,0.83,2.8,178.6,0.02,0.0,,37.5,0.5,4.9,51.2,0.0,2.7,8.3,2026-2027
CRV,HTA,2_2,Regular Season,Tomas  Satoransky,22.0,8,2,4,50.0,1,1,100.0,1,2,50.0,1,2,3,3,0,0,0,0,4,1,8,A,W,81,36,30,30,16,9,22,12,9,26,35,7,6,5,22,90,80,41,28,20,20,8,16,21,15,32,47,2,12,2,29,83,1.14,4.7,170.2,0.06,63.8,inf,70.0,0.4,7.1,68.0,0.0,2.5,4.2,2026-2027
CRV,HTA,2_2,Regular Season,Zach  Leday,22.0,12,2,4,50.0,2,3,66.7,2,2,100.0,1,3,4,0,0,2,0,0,3,5,13,A,W,81,36,30,30,16,9,22,12,9,26,35,7,6,5,22,90,80,41,28,20,20,8,16,21,15,32,47,2,12,2,29,83,1.33,8.5,141.2,0.07,0.0,0.0,71.4,0.29,7.1,76.1,23.53,4.2,4.2,2026-2027
CRV,HTA,2_2,Regular Season,Tai  Odiase,21.0,8,3,5,60.0,0,0,,2,2,100.0,1,0,1,0,0,1,1,1,1,3,8,A,W,81,36,30,30,16,9,22,12,9,26,35,7,6,5,22,90,80,41,28,20,20,8,16,21,15,32,47,2,12,2,29,83,1.14,5.6,142.9,0.04,0.0,0.0,60.0,0.4,5.7,68.0,17.86,3.1,4.2,2026-2027
CRV,HTA,2_2,Regular Season,Vasilije  Micic,32.0,11,1,3,33.3,3,14,21.4,0,2,0.0,0,6,6,4,0,1,0,1,3,4,5,A,W,81,36,30,30,16,9,22,12,9,26,35,7,6,5,22,90,80,41,28,20,20,8,16,21,15,32,47,2,12,2,29,83,0.58,18.1,60.8,0.02,22.1,4.0,32.4,0.12,2.3,30.8,5.52,5.5,0.0,2026-2027
CRV,HTA,2_2,Regular Season,Daniel  Oturu,19.0,5,2,5,40.0,0,0,,1,5,20.0,3,3,6,0,1,0,3,0,3,4,9,A,W,81,36,30,30,16,9,22,12,9,26,35,7,6,5,22,90,80,41,28,20,20,8,16,21,15,32,47,2,12,2,29,83,0.5,4.0,125.0,0.02,0.0,,40.0,1.0,5.6,34.7,0.0,3.6,12.5,2026-2027
BAR,DUB,2_3,Regular Season,Elie  Okobo,28.0,9,1,3,33.3,0,2,0.0,7,8,87.5,0,2,2,6,0,1,0,0,2,4,13,H,W,94,32,24,28,21,9,25,19,6,23,29,3,13,4,14,114,87,39,36,8,24,11,6,15,11,13,24,9,4,1,22,78,0.69,9.1,98.9,0.06,65.9,6.0,20.0,1.6,8.5,52.8,10.99,3.3,0.0,2026-2027
BAR,DUB,2_3,Regular Season,Dwayne  Bacon,26.0,14,1,3,33.3,1,6,16.7,9,9,100.0,0,7,7,1,1,3,0,0,1,7,19,H,W,94,32,24,28,21,9,25,19,6,23,29,3,13,4,14,114,87,39,36,8,24,11,6,15,11,13,24,9,4,1,22,78,0.78,15.3,91.5,0.08,6.5,0.3,27.8,1.0,8.9,54.0,19.61,6.0,0.0,2026-2027
BAR,DUB,2_3,Regular Season,Jaron  Blossomgame,23.0,10,5,6,83.3,0,1,0.0,0,2,0.0,1,1,2,0,1,1,1,0,1,1,9,H,W,94,32,24,28,21,9,25,19,6,23,29,3,13,4,14,114,87,39,36,8,24,11,6,15,11,13,24,9,4,1,22,78,1.11,7.6,131.6,0.05,0.0,0.0,71.4,0.29,7.6,63.5,13.16,3.8,5.9,2026-2027
BAR,DUB,2_3,Regular Season,Davion  Mintz,12.0,3,1,2,50.0,0,1,0.0,1,1,100.0,1,0,1,2,0,1,0,0,1,2,4,H,W,94,32,24,28,21,9,25,19,6,23,29,3,13,4,14,114,87,39,36,8,24,11,6,15,11,13,24,9,4,1,22,78,0.75,3.3,90.9,0.01,60.6,2.0,33.3,0.33,2.0,43.6,30.3,3.6,5.9,2026-2027
BAR,DUB,2_3,Regular Season,Davis  Bertans,14.0,3,0,0,,1,3,33.3,0,0,,0,2,2,0,0,0,0,0,1,1,3,H,W,94,32,24,28,21,9,25,19,6,23,29,3,13,4,14,114,87,39,36,8,24,11,6,15,11,13,24,9,4,1,22,78,1.0,2.9,103.4,0.01,0.0,,50.0,0.0,1.5,50.0,0.0,2.1,0.0,2026-2027
BAR,DUB,2_3,Regular Season,Mfiondu  Kabengele,25.0,21,5,8,62.5,3,3,100.0,2,2,100.0,3,3,6,0,0,1,1,0,1,1,24,H,W,94,32,24,28,21,9,25,19,6,23,29,3,13,4,14,114,87,39,36,8,24,11,6,15,11,13,24,9,4,1,22,78,1.62,9.5,221.1,0.14,0.0,0.0,86.4,0.18,18.8,88.4,10.53,5.1,17.6,2026-2027
BAR,DUB,2_3,Regular Season,Mamadi  Diakite,15.0,7,1,1,100.0,1,2,50.0,2,2,100.0,0,0,0,2,1,2,2,1,2,1,7,H,W,94,32,24,28,21,9,25,19,6,23,29,3,13,4,14,114,87,39,36,8,24,11,6,15,11,13,24,9,4,1,22,78,1.4,5.6,125.0,0.04,35.7,1.0,83.3,0.67,6.7,90.2,35.71,3.9,0.0,2026-2027
BAR,DUB,2_3,Regular Season,Tornike  Shengelia,11.0,4,2,3,66.7,0,0,,0,0,,0,2,2,1,0,2,0,0,2,1,3,H,W,94,32,24,28,21,9,25,19,6,23,29,3,13,4,14,114,87,39,36,8,24,11,6,15,11,13,24,9,4,1,22,78,1.33,4.8,83.3,0.01,20.8,0.5,66.7,0.0,1.2,66.7,41.67,4.5,0.0,2026-2027
BAR,DUB,2_3,Regular Season,Mckinley  Wright Iv,27.0,14,3,3,100.0,2,3,66.7,2,2,100.0,1,1,2,3,0,2,0,0,2,2,16,H,W,94,32,24,28,21,9,25,19,6,23,29,3,13,4,14,114,87,39,36,8,24,11,6,15,11,13,24,9,4,1,22,78,1.75,7.6,184.2,0.09,39.5,1.5,100.0,0.33,12.1,101.7,26.32,3.2,5.9,2026-2027
BAR,DUB,2_3,Regular Season,Filip  Petrusev,7.0,4,1,2,50.0,0,0,,2,2,100.0,0,2,2,0,0,0,0,0,0,1,6,H,W,94,32,24,28,21,9,25,19,6,23,29,3,13,4,14,114,87,39,36,8,24,11,6,15,11,13,24,9,4,1,22,78,1.0,2.8,142.9,0.03,0.0,,50.0,1.0,3.6,69.4,0.0,4.0,0.0,2026-2027
BAR,DUB,2_3,Regular Season,Thomas  Walkup,12.0,5,1,1,100.0,1,3,33.3,0,0,,0,3,3,4,0,0,0,0,1,1,10,H,W,94,32,24,28,21,9,25,19,6,23,29,3,13,4,14,114,87,39,36,8,24,11,6,15,11,13,24,9,4,1,22,78,1.25,3.8,131.6,0.06,105.3,inf,62.5,0.0,6.3,62.5,0.0,3.3,0.0,2026-2027
DUB,BAR,2_3,Regular Season,Kevin  Punter,26.0,25,8,10,80.0,3,6,50.0,0,0,,3,2,5,2,1,0,0,0,3,3,28,A,L,87,39,36,8,24,11,6,15,11,13,24,9,4,1,22,78,94,32,24,28,21,9,25,19,6,23,29,3,13,4,14,114,1.56,12.5,200.0,0.16,16.0,inf,78.1,0.0,22.1,78.1,0.0,6.0,17.6,2026-2027
DUB,BAR,2_3,Regular Season,Umoja  Gibson,25.0,12,3,4,75.0,2,6,33.3,0,0,,1,1,2,2,3,2,0,0,2,2,12,A,L,87,39,36,8,24,11,6,15,11,13,24,9,4,1,22,78,94,32,24,28,21,9,25,19,6,23,29,3,13,4,14,114,1.2,10.6,113.2,0.06,18.9,1.0,60.0,0.0,9.6,60.0,18.87,4.7,5.9,2026-2027
DUB,BAR,2_3,Regular Season,Tyrese  Martin,25.0,9,3,5,60.0,1,7,14.3,0,0,,1,4,5,0,0,0,0,1,1,0,4,A,L,87,39,36,8,24,11,6,15,11,13,24,9,4,1,22,78,94,32,24,28,21,9,25,19,6,23,29,3,13,4,14,114,0.75,10.6,84.9,0.03,0.0,,37.5,0.0,3.7,37.5,0.0,4.7,5.9,2026-2027
DUB,BAR,2_3,Regular Season,Stanley  Umude,13.0,8,2,4,50.0,1,2,50.0,1,2,50.0,2,1,3,1,2,0,1,0,1,2,12,A,L,87,39,36,8,24,11,6,15,11,13,24,9,4,1,22,78,94,32,24,28,21,9,25,19,6,23,29,3,13,4,14,114,1.0,4.7,170.2,0.06,21.3,inf,58.3,0.33,9.3,58.1,0.0,5.1,11.8,2026-2027
DUB,BAR,2_3,Regular Season,Justin  Robinson,15.0,7,0,2,0.0,2,5,40.0,1,2,50.0,0,1,1,5,0,0,0,1,4,3,5,A,L,87,39,36,8,24,11,6,15,11,13,24,9,4,1,22,78,94,32,24,28,21,9,25,19,6,23,29,3,13,4,14,114,0.78,7.6,92.1,0.02,65.8,inf,42.9,0.29,4.7,44.4,0.0,5.1,0.0,2026-2027
DUB,BAR,2_3,Regular Season,Dario  Brizuela,17.0,0,0,1,0.0,0,3,0.0,0,0,,0,1,1,1,0,2,0,0,4,0,-8,A,L,87,39,36,8,24,11,6,15,11,13,24,9,4,1,22,78,94,32,24,28,21,9,25,19,6,23,29,3,13,4,14,114,0.0,5.8,0.0,-0.05,17.2,0.5,0.0,0.0,-5.4,0.0,34.48,3.4,0.0,2026-2027
DUB,BAR,2_3,Regular Season,Olivier  Nkamhoua,20.0,8,4,4,100.0,0,3,0.0,0,0,,1,0,1,1,0,0,0,0,3,0,4,A,L,87,39,36,8,24,11,6,15,11,13,24,9,4,1,22,78,94,32,24,28,21,9,25,19,6,23,29,3,13,4,14,114,1.14,5.8,137.9,0.02,17.2,inf,57.1,0.0,4.9,57.1,0.0,3.4,5.9,2026-2027
DUB,BAR,2_3,Regular Season,Olek  Balcerowski,20.0,10,3,5,60.0,0,0,,4,4,100.0,2,1,3,2,1,0,0,0,1,2,15,A,L,87,39,36,8,24,11,6,15,11,13,24,9,4,1,22,78,94,32,24,28,21,9,25,19,6,23,29,3,13,4,14,114,1.11,4.6,217.4,0.08,43.5,inf,60.0,0.8,11.4,74.0,0.0,3.3,11.8,2026-2027
DUB,BAR,2_3,Regular Season,Justin  Minaya,11.0,0,0,0,,0,0,,0,0,,0,0,0,0,1,0,0,0,2,0,-1,A,L,87,39,36,8,24,11,6,15,11,13,24,9,4,1,22,78,94,32,24,28,21,9,25,19,6,23,29,3,13,4,14,114,,0.0,,-0.01,,,,,0.2,,,0.0,0.0,2026-2027
DUB,BAR,2_3,Regular Season,Joel  Parra,27.0,8,1,4,25.0,2,4,50.0,0,0,,1,2,3,1,1,0,0,2,1,2,7,A,L,87,39,36,8,24,11,6,15,11,13,24,9,4,1,22,78,94,32,24,28,21,9,25,19,6,23,29,3,13,4,14,114,1.0,6.7,119.4,0.04,14.9,inf,50.0,0.0,6.2,50.0,0.0,2.9,5.9,2026-2027
OLY,ZAL,2_4,Regular Season,Sterling  Brown,23.0,20,4,5,80.0,4,6,66.7,0,0,,0,0,0,0,1,3,1,0,1,0,15,H,L,91,44,26,6,25,12,5,25,12,19,31,9,16,2,22,99,93,42,20,28,28,5,22,22,10,15,25,10,14,2,15,108,1.82,13.4,149.3,0.09,0.0,0.0,90.9,0.0,13.8,90.9,22.39,5.5,0.0,2026-2027
OLY,ZAL,2_4,Regular Season,Carsen  Edwards,27.0,16,4,10,40.0,2,3,66.7,2,2,100.0,0,1,1,4,1,2,0,0,1,7,19,H,L,91,44,26,6,25,12,5,25,12,19,31,9,16,2,22,99,93,42,20,28,28,5,22,22,10,15,25,10,14,2,15,108,1.07,15.2,105.3,0.07,26.3,2.0,53.8,0.15,11.0,57.6,13.16,5.3,0.0,2026-2027
OLY,ZAL,2_4,Regular Season,Dovydas  Giedraitis,18.0,0,0,0,,0,1,0.0,0,0,,0,1,1,2,0,2,0,0,2,0,-2,H,L,91,44,26,6,25,12,5,25,12,19,31,9,16,2,22,99,93,42,20,28,28,5,22,22,10,15,25,10,14,2,15,108,0.0,2.9,0.0,-0.01,69.0,1.0,0.0,0.0,-1.8,0.0,68.97,1.5,0.0,2026-2027
OLY,ZAL,2_4,Regular Season,Azuolas  Tubelis,27.0,19,9,13,69.2,0,1,0.0,1,2,50.0,3,4,7,3,1,1,0,0,3,2,22,H,L,91,44,26,6,25,12,5,25,12,19,31,9,16,2,22,99,93,42,20,28,28,5,22,22,10,15,25,10,14,2,15,108,1.19,12.4,153.2,0.11,24.2,3.0,64.3,0.14,16.6,63.8,8.06,5.3,13.6,2026-2027
OLY,ZAL,2_4,Regular Season,Maodo  Lo,14.0,0,0,1,0.0,0,3,0.0,0,0,,1,2,3,1,0,2,0,0,2,0,-4,H,L,91,44,26,6,25,12,5,25,12,19,31,9,16,2,22,99,93,42,20,28,28,5,22,22,10,15,25,10,14,2,15,108,0.0,4.8,0.0,-0.03,20.8,0.5,0.0,0.0,-3.6,0.0,41.67,3.9,4.5,2026-2027
OLY,ZAL,2_4,Regular Season,Dustin  Sleva,6.0,0,0,0,,0,0,,0,0,,1,0,1,1,0,0,0,0,1,0,1,H,L,91,44,26,6,25,12,5,25,12,19,31,9,16,2,22,99,93,42,20,28,28,5,22,22,10,15,25,10,14,2,15,108,,-1.0,-0.0,0.0,-100.0,inf,,,1.0,,-0.0,0.0,4.5,2026-2027
OLY,ZAL,2_4,Regular Season,Jonas  Valanciunas,24.0,11,3,6,50.0,1,1,100.0,2,2,100.0,2,4,6,7,1,3,1,0,3,4,21,H,L,91,44,26,6,25,12,5,25,12,19,31,9,16,2,22,99,93,42,20,28,28,5,22,22,10,15,25,10,14,2,15,108,1.22,8.5,129.4,0.1,82.4,2.3,64.3,0.29,12.7,69.8,35.29,4.1,9.1,2026-2027
OLY,ZAL,2_4,Regular Season,Marek  Blazevic,16.0,4,2,5,40.0,0,0,,0,0,,3,2,5,0,1,1,0,1,2,0,3,H,L,91,44,26,6,25,12,5,25,12,19,31,9,16,2,22,99,93,42,20,28,28,5,22,22,10,15,25,10,14,2,15,108,0.8,2.9,137.9,0.02,0.0,0.0,40.0,0.0,3.2,40.0,34.48,3.4,13.6,2026-2027
OLY,ZAL,2_4,Regular Season,Marius  Grigonis,19.0,9,0,0,,3,7,42.9,0,0,,2,3,5,2,2,0,0,0,2,0,12,H,L,91,44,26,6,25,12,5,25,12,19,31,9,16,2,22,99,93,42,20,28,28,5,22,22,10,15,25,10,14,2,15,108,1.29,4.8,187.5,0.07,41.7,inf,64.3,0.0,10.2,64.3,0.0,3.3,9.1,2026-2027
OLY,ZAL,2_4,Regular Season,Arnas  Butkevicius,12.0,7,2,2,100.0,1,2,50.0,0,0,,0,1,1,1,1,0,0,0,3,1,7,H,L,91,44,26,6,25,12,5,25,12,19,31,9,16,2,22,99,93,42,20,28,28,5,22,22,10,15,25,10,14,2,15,108,1.75,3.8,184.2,0.04,26.3,inf,87.5,0.0,6.2,87.5,0.0,3.0,0.0,2026-2027
OLY,ZAL,2_4,Regular Season,Deividas  Sirvydis,4.0,5,1,2,50.0,1,1,100.0,0,0,,0,0,0,0,0,2,0,1,0,0,1,H,L,91,44,26,6,25,12,5,25,12,19,31,9,16,2,22,99,93,42,20,28,28,5,22,22,10,15,25,10,14,2,15,108,1.67,4.8,104.2,0.01,0.0,0.0,83.3,0.0,1.7,83.3,41.67,11.3,0.0,2026-2027
OLY,ZAL,2_4,Regular Season,Edgaras  Ulanovas,9.0,0,0,0,,0,1,0.0,0,0,,0,1,1,4,1,0,0,0,2,1,4,H,L,91,44,26,6,25,12,5,25,12,19,31,9,16,2,22,99,93,42,20,28,28,5,22,22,10,15,25,10,14,2,15,108,0.0,1.0,0.0,0.02,400.0,inf,0.0,0.0,2.6,0.0,0.0,1.0,0.0,2026-2027
ZAL,OLY,2_4,Regular Season,Codi  Miller-McIntyre,13.0,4,2,2,100.0,0,2,0.0,0,0,,0,1,1,6,0,2,0,0,2,0,5,A,W,93,42,20,28,28,5,22,22,10,15,25,10,14,2,15,108,91,44,26,6,25,12,5,25,12,19,31,9,16,2,22,99,1.0,5.8,69.0,0.03,103.4,3.0,50.0,0.0,3.7,50.0,34.48,4.2,0.0,2026-2027
ZAL,OLY,2_4,Regular Season,Tyson  Ward,31.0,10,1,2,50.0,2,3,66.7,2,2,100.0,1,4,5,1,1,1,0,0,4,3,13,A,W,93,42,20,28,28,5,22,22,10,15,25,10,14,2,15,108,91,44,26,6,25,12,5,25,12,19,31,9,16,2,22,99,1.43,5.6,178.6,0.06,17.9,1.0,80.0,0.4,8.7,85.0,17.86,2.0,4.5,2026-2027
ZAL,OLY,2_4,Regular Season,Jean  Montero,27.0,15,5,8,62.5,0,3,0.0,5,5,100.0,2,1,3,7,1,2,0,1,0,4,21,A,W,93,42,20,28,28,5,22,22,10,15,25,10,14,2,15,108,91,44,26,6,25,12,5,25,12,19,31,9,16,2,22,99,0.94,12.7,118.1,0.11,55.1,3.5,45.5,0.45,14.9,56.8,15.75,5.1,9.1,2026-2027
ZAL,OLY,2_4,Regular Season,Sasha  Vezenkov,25.0,18,8,10,80.0,0,0,,2,3,66.7,3,5,8,1,1,1,0,0,0,2,26,A,W,93,42,20,28,28,5,22,22,10,15,25,10,14,2,15,108,91,44,26,6,25,12,5,25,12,19,31,9,16,2,22,99,1.38,8.9,202.2,0.14,11.2,1.0,80.0,0.3,18.1,79.5,11.24,4.5,13.6,2026-2027
ZAL,OLY,2_4,Regular Season,Kostas  Papanikolaou,8.0,2,1,1,100.0,0,0,,0,0,,1,1,2,2,1,2,0,0,0,0,5,A,W,93,42,20,28,28,5,22,22,10,15,25,10,14,2,15,108,91,44,26,6,25,12,5,25,12,19,31,9,16,2,22,99,2.0,1.9,105.3,0.03,105.3,1.0,100.0,0.0,3.1,100.0,105.26,3.4,4.5,2026-2027
ZAL,OLY,2_4,Regular Season,Tyler  Dorsey,20.0,10,3,4,75.0,1,7,14.3,1,2,50.0,1,1,2,1,2,2,0,0,0,3,8,A,W,93,42,20,28,28,5,22,22,10,15,25,10,14,2,15,108,91,44,26,6,25,12,5,25,12,19,31,9,16,2,22,99,0.77,12.4,80.6,0.03,8.1,0.5,40.9,0.18,5.2,42.1,16.13,6.3,4.5,2026-2027
ZAL,OLY,2_4,Regular Season,Mbaye  Ndiaye,19.0,9,3,3,100.0,0,0,,3,4,75.0,0,0,0,0,2,1,0,0,1,3,11,A,W,93,42,20,28,28,5,22,22,10,15,25,10,14,2,15,108,91,44,26,6,25,12,5,25,12,19,31,9,16,2,22,99,1.29,5.5,163.6,0.05,0.0,0.0,100.0,1.33,8.3,94.5,18.18,2.7,0.0,2026-2027
ZAL,OLY,2_4,Regular Season,Donta  Hall,21.0,1,0,2,0.0,0,0,,1,2,50.0,2,1,3,3,1,0,2,1,3,2,5,A,W,93,42,20,28,28,5,22,22,10,15,25,10,14,2,15,108,91,44,26,6,25,12,5,25,12,19,31,9,16,2,22,99,0.25,0.8,125.0,0.01,375.0,inf,0.0,1.0,4.2,17.4,0.0,1.2,9.1,2026-2027
ZAL,OLY,2_4,Regular Season,Tyrique  Jones,16.0,5,1,3,33.3,0,0,,3,4,75.0,0,0,0,1,0,1,0,0,3,2,1,A,W,93,42,20,28,28,5,22,22,10,15,25,10,14,2,15,108,91,44,26,6,25,12,5,25,12,19,31,9,16,2,22,99,0.71,5.5,90.9,-0.01,18.2,1.0,33.3,1.33,1.4,52.5,18.18,3.3,0.0,2026-2027
ZAL,OLY,2_4,Regular Season,Evan  Fournier,20.0,19,4,7,57.1,2,5,40.0,5,6,83.3,0,1,1,0,1,2,0,0,2,3,13,A,W,93,42,20,28,28,5,22,22,10,15,25,10,14,2,15,108,91,44,26,6,25,12,5,25,12,19,31,9,16,2,22,99,1.06,16.0,118.8,0.06,0.0,0.0,58.3,0.5,11.1,64.9,12.5,7.5,0.0,2026-2027
BAS,VAL,2_5,Regular Season,TJ  Shorts II,19.0,12,5,8,62.5,0,0,,2,2,100.0,0,0,0,10,1,1,0,0,2,3,20,H,W,111,49,27,24,26,13,20,27,12,22,34,9,11,4,18,132,88,47,28,13,30,6,10,23,12,24,36,7,16,5,22,93,1.2,9.5,126.3,0.1,105.3,10.0,62.5,0.25,14.6,67.6,10.53,4.3,0.0,2026-2027
BAS,VAL,2_5,Regular Season,Kameron  Taylor,18.0,6,3,3,100.0,0,0,,0,0,,0,4,4,3,2,1,1,0,2,0,13,H,W,111,49,27,24,26,13,20,27,12,22,34,9,11,4,18,132,88,47,28,13,30,6,10,23,12,24,36,7,16,5,22,93,2.0,3.8,157.9,0.07,78.9,3.0,100.0,0.0,9.3,100.0,26.32,1.8,0.0,2026-2027
BAS,VAL,2_5,Regular Season,Josep  Puerto,17.0,13,1,2,50.0,3,5,60.0,2,2,100.0,1,1,2,0,0,0,1,0,2,2,13,H,W,111,49,27,24,26,13,20,27,12,22,34,9,11,4,18,132,88,47,28,13,30,6,10,23,12,24,36,7,16,5,22,93,1.44,6.6,197.0,0.06,0.0,,78.6,0.29,10.6,82.5,0.0,3.8,4.2,2026-2027
BAS,VAL,2_5,Regular Season,Nathan  Reuvers,11.0,7,2,4,50.0,0,1,0.0,3,3,100.0,2,0,2,1,1,1,0,0,2,2,7,H,W,111,49,27,24,26,13,20,27,12,22,34,9,11,4,18,132,88,47,28,13,30,6,10,23,12,24,36,7,16,5,22,93,0.88,5.1,137.3,0.02,19.6,1.0,40.0,0.6,5.6,55.4,19.61,5.5,8.3,2026-2027
BAS,VAL,2_5,Regular Season,Mario  Saint-Supery,16.0,3,0,3,0.0,1,3,33.3,0,0,,1,1,2,0,0,1,0,0,2,1,-2,H,W,111,49,27,24,26,13,20,27,12,22,34,9,11,4,18,132,88,47,28,13,30,6,10,23,12,24,36,7,16,5,22,93,0.5,5.8,51.7,-0.02,0.0,0.0,25.0,0.0,-1.6,25.0,17.24,3.6,4.2,2026-2027
BAS,VAL,2_5,Regular Season,Dylan  Osetkowski,19.0,12,2,2,100.0,2,3,66.7,2,2,100.0,1,6,7,1,1,0,0,0,1,1,20,H,W,111,49,27,24,26,13,20,27,12,22,34,9,11,4,18,132,88,47,28,13,30,6,10,23,12,24,36,7,16,5,22,93,1.71,4.7,255.3,0.1,21.3,inf,100.0,0.4,13.9,102.0,0.0,2.5,4.2,2026-2027
BAS,VAL,2_5,Regular Season,Omari  Moore,20.0,10,4,9,44.4,0,0,,2,3,66.7,3,0,3,6,0,2,0,1,0,2,12,H,W,111,49,27,24,26,13,20,27,12,22,34,9,11,4,18,132,88,47,28,13,30,6,10,23,12,24,36,7,16,5,22,93,0.83,8.9,112.4,0.05,67.4,3.0,44.4,0.33,9.2,48.4,22.47,5.1,12.5,2026-2027
BAS,VAL,2_5,Regular Season,Armoni  Brooks,18.0,17,2,2,100.0,4,7,57.1,1,2,50.0,0,1,1,2,3,1,0,0,2,2,18,H,W,111,49,27,24,26,13,20,27,12,22,34,9,11,4,18,132,88,47,28,13,30,6,10,23,12,24,36,7,16,5,22,93,1.55,10.4,163.5,0.09,19.2,2.0,88.9,0.22,15.6,86.0,9.62,5.0,0.0,2026-2027
BAS,VAL,2_5,Regular Season,Neal  Sako,17.0,4,2,5,40.0,0,0,,0,2,0.0,1,4,5,2,0,3,1,1,1,2,4,H,W,111,49,27,24,26,13,20,27,12,22,34,9,11,4,18,132,88,47,28,13,30,6,10,23,12,24,36,7,16,5,22,93,0.57,7.6,52.6,0.01,26.3,0.7,40.0,0.4,1.1,34.0,39.47,4.3,4.2,2026-2027
BAS,VAL,2_5,Regular Season,Gonzalo  Corbalan,12.0,4,1,3,33.3,0,2,0.0,2,2,100.0,1,0,1,0,0,0,0,2,1,2,0,H,W,111,49,27,24,26,13,20,27,12,22,34,9,11,4,18,132,88,47,28,13,30,6,10,23,12,24,36,7,16,5,22,93,0.57,4.7,85.1,-0.0,0.0,,20.0,0.4,1.2,34.0,0.0,4.0,4.2,2026-2027
BAS,VAL,2_5,Regular Season,Nikola  Mirotic,16.0,13,2,2,100.0,2,5,40.0,3,3,100.0,1,3,4,1,1,0,0,0,0,1,17,H,W,111,49,27,24,26,13,20,27,12,22,34,9,11,4,18,132,88,47,28,13,30,6,10,23,12,24,36,7,16,5,22,93,1.3,7.0,185.7,0.09,14.3,inf,71.4,0.43,13.0,78.1,0.0,4.3,4.2,2026-2027
BAS,VAL,2_5,Regular Season,Jasiel  Rivero,16.0,10,2,6,33.3,1,1,100.0,3,3,100.0,1,2,3,1,0,1,1,1,3,4,10,H,W,111,49,27,24,26,13,20,27,12,22,34,9,11,4,18,132,88,47,28,13,30,6,10,23,12,24,36,7,16,5,22,93,1.0,8.0,125.0,0.03,12.5,1.0,50.0,0.43,6.8,60.1,12.5,4.8,4.2,2026-2027
VAL,BAS,2_5,Regular Season,Markus  Howard,10.0,5,1,4,25.0,1,4,25.0,0,0,,0,0,0,0,0,2,0,1,2,1,-5,A,L,88,47,28,13,30,6,10,23,12,24,36,7,16,5,22,93,111,49,27,24,26,13,20,27,12,22,34,9,11,4,18,132,0.62,9.6,52.1,-0.03,0.0,0.0,31.2,0.0,-2.6,31.2,20.83,8.3,0.0,2026-2027
VAL,BAS,2_5,Regular Season,A.J.  Lawson,22.0,13,2,3,66.7,2,5,40.0,3,4,75.0,0,2,2,2,0,0,0,0,3,4,13,A,L,88,47,28,13,30,6,10,23,12,24,36,7,16,5,22,93,111,49,27,24,26,13,20,27,12,22,34,9,11,4,18,132,1.08,9.4,138.3,0.05,21.3,inf,62.5,0.5,9.4,66.6,0.0,3.7,0.0,2026-2027
VAL,BAS,2_5,Regular Season,Kobi  Simmons,11.0,0,0,1,0.0,0,1,0.0,0,0,,0,2,2,1,0,0,1,0,1,0,1,A,L,88,47,28,13,30,6,10,23,12,24,36,7,16,5,22,93,111,49,27,24,26,13,20,27,12,22,34,9,11,4,18,132,0.0,1.9,0.0,0.0,52.6,inf,0.0,0.0,0.2,0.0,0.0,1.5,0.0,2026-2027
VAL,BAS,2_5,Regular Season,Dj  Stewart,23.0,14,6,7,85.7,0,1,0.0,2,2,100.0,2,0,2,4,1,2,0,0,0,1,18,A,L,88,47,28,13,30,6,10,23,12,24,36,7,16,5,22,93,111,49,27,24,26,13,20,27,12,22,34,9,11,4,18,132,1.4,8.5,164.7,0.09,47.1,2.0,75.0,0.25,14.0,78.8,23.53,3.9,8.3,2026-2027
VAL,BAS,2_5,Regular Season,Chris  Duarte,21.0,9,2,7,28.6,1,4,25.0,2,2,100.0,1,2,3,0,1,2,0,1,3,4,3,A,L,88,47,28,13,30,6,10,23,12,24,36,7,16,5,22,93,111,49,27,24,26,13,20,27,12,22,34,9,11,4,18,132,0.69,12.4,72.6,-0.0,0.0,0.0,31.8,0.18,1.6,37.9,16.13,5.5,4.2,2026-2027
VAL,BAS,2_5,Regular Season,Stefan  Joksimovic,8.0,2,1,3,33.3,0,0,,0,0,,1,2,3,4,1,0,1,1,2,1,7,A,L,88,47,28,13,30,6,10,23,12,24,36,7,16,5,22,93,111,49,27,24,26,13,20,27,12,22,34,9,11,4,18,132,0.67,1.9,105.3,0.03,210.5,inf,33.3,0.0,5.3,33.3,0.0,3.1,4.2,2026-2027
VAL,BAS,2_5,Regular Season,Rodions  Kurucs,15.0,0,0,0,,0,2,0.0,0,0,,1,7,8,3,0,3,0,0,5,2,3,A,L,88,47,28,13,30,6,10,23,12,24,36,7,16,5,22,93,111,49,27,24,26,13,20,27,12,22,34,9,11,4,18,132,0.0,3.8,0.0,0.0,78.9,1.0,0.0,0.0,-1.5,0.0,78.95,2.8,4.2,2026-2027
VAL,BAS,2_5,Regular Season,Tadas  Sedekerskis,22.0,16,8,8,100.0,0,3,0.0,0,0,,3,4,7,0,0,0,0,0,1,0,19,A,L,88,47,28,13,30,6,10,23,12,24,36,7,16,5,22,93,111,49,27,24,26,13,20,27,12,22,34,9,11,4,18,132,1.45,7.7,207.8,0.1,0.0,,72.7,0.0,14.4,72.7,0.0,4.1,12.5,2026-2027
VAL,BAS,2_5,Regular Season,Matteo  Spagnolo,21.0,5,1,2,50.0,1,5,20.0,0,0,,0,1,1,5,1,2,0,1,1,1,4,A,L,88,47,28,13,30,6,10,23,12,24,36,7,16,5,22,93,111,49,27,24,26,13,20,27,12,22,34,9,11,4,18,132,0.71,8.6,58.1,0.02,58.1,2.5,35.7,0.0,3.3,35.7,23.26,3.5,0.0,2026-2027
VAL,BAS,2_5,Regular Season,Damion  Baugh,14.0,4,2,3,66.7,0,2,0.0,0,1,0.0,0,1,1,4,2,3,0,0,2,1,3,A,L,88,47,28,13,30,6,10,23,12,24,36,7,16,5,22,93,111,49,27,24,26,13,20,27,12,22,34,9,11,4,18,132,0.67,8.1,49.4,0.01,49.4,1.3,40.0,0.2,2.2,36.8,37.04,5.0,0.0,2026-2027
VAL,BAS,2_5,Regular Season,Clement  Frisch,8.0,5,1,1,100.0,0,0,,3,4,75.0,1,1,2,0,0,0,0,0,1,2,7,A,L,88,47,28,13,30,6,10,23,12,24,36,7,16,5,22,93,111,49,27,24,26,13,20,27,12,22,34,9,11,4,18,132,1.0,1.7,294.1,0.03,0.0,,100.0,4.0,4.9,90.6,0.0,2.9,4.2,2026-2027
VAL,BAS,2_5,Regular Season,Kenneth  Faried,23.0,15,6,8,75.0,1,1,100.0,0,0,,3,2,5,0,1,2,3,0,1,1,20,A,L,88,47,28,13,30,6,10,23,12,24,36,7,16,5,22,93,111,49,27,24,26,13,20,27,12,22,34,9,11,4,18,132,1.67,7.7,194.8,0.09,0.0,0.0,83.3,0.0,14.9,83.3,25.97,4.0,12.5,2026-2027
BOL,MIL,2_6,Regular Season,Jason  Burnell,17.0,6,3,8,37.5,0,1,0.0,0,0,,5,5,10,2,1,0,1,0,2,0,12,H,W,87,44,30,15,23,10,11,12,14,25,39,6,11,2,20,87,85,42,24,18,23,8,15,20,8,24,32,8,9,4,23,96,0.67,3.8,157.9,0.07,52.6,inf,33.3,0.0,8.2,33.3,0.0,4.6,22.7,2026-2027
BOL,MIL,2_6,Regular Season,Rj  Cole,16.0,11,3,4,75.0,1,5,20.0,2,2,100.0,0,2,2,3,0,2,0,1,3,3,8,H,W,87,44,30,15,23,10,11,12,14,25,39,6,11,2,20,87,85,42,24,18,23,8,15,20,8,24,32,8,9,4,23,96,1.0,11.4,96.5,0.04,26.3,1.5,50.0,0.22,5.8,55.7,17.54,6.5,0.0,2026-2027
BOL,MIL,2_6,Regular Season,Moses  Wright,26.0,11,4,5,80.0,0,0,,3,4,75.0,4,3,7,0,0,2,0,0,2,4,16,H,W,87,44,30,15,23,10,11,12,14,25,39,6,11,2,20,87,85,42,24,18,23,8,15,20,8,24,32,8,9,4,23,96,1.22,4.6,239.1,0.07,0.0,0.0,80.0,0.8,9.6,81.4,43.48,2.9,18.2,2026-2027
BOL,MIL,2_6,Regular Season,Leandro  Bolmaro,20.0,5,1,3,33.3,1,4,25.0,0,2,0.0,1,3,4,1,1,2,1,2,1,2,2,H,W,87,44,30,15,23,10,11,12,14,25,39,6,11,2,20,87,85,42,24,18,23,8,15,20,8,24,32,8,9,4,23,96,0.56,8.5,58.8,0.01,11.8,0.5,35.7,0.29,1.7,31.7,23.53,4.3,4.5,2026-2027
BOL,MIL,2_6,Regular Season,Darius  Thompson,21.0,12,3,4,75.0,2,4,50.0,0,0,,0,0,0,2,2,1,0,0,0,0,12,H,W,87,44,30,15,23,10,11,12,14,25,39,6,11,2,20,87,85,42,24,18,23,8,15,20,8,24,32,8,9,4,23,96,1.5,8.6,139.5,0.09,23.3,2.0,75.0,0.0,10.8,75.0,11.63,3.7,0.0,2026-2027
BOL,MIL,2_6,Regular Season,Devon  Hall,23.0,12,2,5,40.0,2,2,100.0,2,2,100.0,0,1,1,1,0,1,0,0,3,3,10,H,W,87,44,30,15,23,10,11,12,14,25,39,6,11,2,20,87,85,42,24,18,23,8,15,20,8,24,32,8,9,4,23,96,1.33,8.5,141.2,0.05,11.8,1.0,71.4,0.29,7.5,76.1,11.76,3.4,0.0,2026-2027
BOL,MIL,2_6,Regular Season,Marko  Guduric,26.0,14,4,5,80.0,2,7,28.6,0,0,,3,1,4,2,1,0,0,1,3,2,13,H,W,87,44,30,15,23,10,11,12,14,25,39,6,11,2,20,87,85,42,24,18,23,8,15,20,8,24,32,8,9,4,23,96,1.17,8.6,162.8,0.08,23.3,inf,58.3,0.0,11.6,58.3,0.0,4.0,13.6,2026-2027
BOL,MIL,2_6,Regular Season,Garrison  Mathews,13.0,6,0,0,,2,4,50.0,0,0,,0,0,0,0,0,1,0,0,2,2,3,H,W,87,44,30,15,23,10,11,12,14,25,39,6,11,2,20,87,85,42,24,18,23,8,15,20,8,24,32,8,9,4,23,96,1.5,4.8,125.0,0.01,0.0,0.0,75.0,0.0,2.2,75.0,20.83,3.4,0.0,2026-2027
BOL,MIL,2_6,Regular Season,Alec  Peters,23.0,7,2,7,28.6,0,3,0.0,3,3,100.0,1,4,5,0,0,1,0,0,2,3,4,H,W,87,44,30,15,23,10,11,12,14,25,39,6,11,2,20,87,85,42,24,18,23,8,15,20,8,24,32,8,9,4,23,96,0.54,10.9,64.2,0.0,0.0,0.0,20.0,0.3,0.9,30.9,9.17,4.7,4.5,2026-2027
BOL,MIL,2_6,Regular Season,Devin  Booker,14.0,3,1,3,33.3,0,0,,1,2,50.0,0,6,6,1,1,1,0,0,2,2,7,H,W,87,44,30,15,23,10,11,12,14,25,39,6,11,2,20,87,85,42,24,18,23,8,15,20,8,24,32,8,9,4,23,96,0.6,4.7,63.8,0.04,21.3,1.0,33.3,0.67,2.6,38.7,21.28,3.0,0.0,2026-2027
MIL,BOL,2_6,Regular Season,Rasheed  Bello,9.0,8,0,1,0.0,2,4,50.0,2,2,100.0,0,1,1,0,0,1,0,0,2,2,5,A,L,85,42,24,18,23,8,15,20,8,24,32,8,9,4,23,96,87,44,30,15,23,10,11,12,14,25,39,6,11,2,20,87,1.14,6.6,121.2,0.02,0.0,0.0,60.0,0.4,3.8,68.0,15.15,7.4,0.0,2026-2027
MIL,BOL,2_6,Regular Season,Trent  Frazier,24.0,7,1,2,50.0,1,4,25.0,2,2,100.0,1,4,5,5,2,0,0,0,3,3,15,A,L,85,42,24,18,23,8,15,20,8,24,32,8,9,4,23,96,87,44,30,15,23,10,11,12,14,25,39,6,11,2,20,87,0.88,5.6,125.0,0.09,89.3,inf,41.7,0.33,9.8,50.9,0.0,2.8,4.5,2026-2027
MIL,BOL,2_6,Regular Season,Marcus  Carr,23.0,10,3,9,33.3,1,3,33.3,1,2,50.0,0,2,2,9,1,1,0,2,1,2,11,A,L,85,42,24,18,23,8,15,20,8,24,32,8,9,4,23,96,87,44,30,15,23,10,11,12,14,25,39,6,11,2,20,87,0.71,13.3,75.2,0.08,67.7,9.0,37.5,0.17,9.3,38.8,7.52,5.8,0.0,2026-2027
MIL,BOL,2_6,Regular Season,Wendell  Moore,23.0,12,4,6,66.7,0,1,0.0,4,5,80.0,1,2,3,0,1,2,0,0,4,4,10,A,L,85,42,24,18,23,8,15,20,8,24,32,8,9,4,23,96,87,44,30,15,23,10,11,12,14,25,39,6,11,2,20,87,1.0,9.8,122.4,0.04,0.0,0.0,57.1,0.71,7.0,65.2,20.41,4.7,4.5,2026-2027
MIL,BOL,2_6,Regular Season,Kessler  Edwards,26.0,6,0,0,,2,3,66.7,0,0,,0,6,6,1,1,1,0,0,1,2,13,A,L,85,42,24,18,23,8,15,20,8,24,32,8,9,4,23,96,87,44,30,15,23,10,11,12,14,25,39,6,11,2,20,87,2.0,3.8,157.9,0.08,26.3,1.0,100.0,0.0,6.8,100.0,26.32,1.5,0.0,2026-2027
MIL,BOL,2_6,Regular Season,Tommaso  Baldasso,13.0,6,3,3,100.0,0,1,0.0,0,0,,0,2,2,3,0,1,0,0,1,0,8,A,L,85,42,24,18,23,8,15,20,8,24,32,8,9,4,23,96,87,44,30,15,23,10,11,12,14,25,39,6,11,2,20,87,1.5,4.8,125.0,0.06,62.5,3.0,75.0,0.0,5.7,75.0,20.83,3.7,0.0,2026-2027
MIL,BOL,2_6,Regular Season,Derrick  Alston Jr.,20.0,10,2,5,40.0,1,6,16.7,3,3,100.0,0,0,0,0,1,0,0,0,1,3,5,A,L,85,42,24,18,23,8,15,20,8,24,32,8,9,4,23,96,87,44,30,15,23,10,11,12,14,25,39,6,11,2,20,87,0.71,11.8,84.7,0.01,0.0,,31.8,0.27,4.1,40.6,0.0,5.9,0.0,2026-2027
MIL,BOL,2_6,Regular Season,Daniel  Hackett,8.0,0,0,1,0.0,0,0,,0,0,,1,0,1,1,0,1,0,0,3,0,-3,A,L,85,42,24,18,23,8,15,20,8,24,32,8,9,4,23,96,87,44,30,15,23,10,11,12,14,25,39,6,11,2,20,87,0.0,1.0,0.0,-0.03,100.0,1.0,0.0,0.0,-1.5,0.0,100.0,2.4,4.5,2026-2027
MIL,BOL,2_6,Regular Season,Francesco  Ferrari,,0,0,0,,0,0,,0,0,,0,0,0,0,0,0,0,0,0,0,0,A,L,85,42,24,18,23,8,15,20,8,24,32,8,9,4,23,96,87,44,30,15,23,10,11,12,14,25,39,6,11,2,20,87,,0.0,,0.0,,,,,0.0,,,,0.0,2026-2027
MIL,BOL,2_6,Regular Season,Aliou  Diarra,23.0,15,6,9,66.7,0,0,,3,4,75.0,2,5,7,0,1,1,4,0,3,3,22,A,L,85,42,24,18,23,8,15,20,8,24,32,8,9,4,23,96,87,44,30,15,23,10,11,12,14,25,39,6,11,2,20,87,1.15,9.4,159.6,0.12,0.0,0.0,66.7,0.44,15.2,69.7,10.64,4.9,9.1,2026-2027
MIL,BOL,2_6,Regular Season,Bo  Klintman,19.0,7,2,3,66.7,1,2,50.0,0,0,,3,2,5,1,1,1,0,0,2,0,9,A,L,85,42,24,18,23,8,15,20,8,24,32,8,9,4,23,96,87,44,30,15,23,10,11,12,14,25,39,6,11,2,20,87,1.4,2.9,241.4,0.06,34.5,1.0,70.0,0.0,7.3,70.0,34.48,3.0,13.6,2026-2027
MIL,BOL,2_6,Regular Season,Mouhamet  Diouf,10.0,4,2,3,66.7,0,0,,0,0,,0,0,0,0,0,0,0,0,2,0,1,A,L,85,42,24,18,23,8,15,20,8,24,32,8,9,4,23,96,87,44,30,15,23,10,11,12,14,25,39,6,11,2,20,87,1.33,2.9,137.9,0.01,0.0,,66.7,0.0,1.9,66.7,0.0,2.9,0.0,2026-2027
BAY,FEN,2_7,Regular Season,Marcus  Bingham,16.0,12,3,3,100.0,2,4,50.0,0,1,0.0,0,3,3,0,2,1,1,0,2,3,15,H,W,100,37,30,11,23,15,9,25,9,21,30,7,11,3,19,117,76,30,27,17,21,7,13,15,7,20,27,3,14,3,16,77,1.5,8.1,148.1,0.07,0.0,0.0,85.7,0.14,10.5,80.6,12.35,5.1,0.0,2026-2027
BAY,FEN,2_7,Regular Season,Wade  Baldwin IV,17.0,13,2,3,66.7,3,4,75.0,0,0,,1,3,4,8,2,2,0,0,2,1,22,H,W,100,37,30,11,23,15,9,25,9,21,30,7,11,3,19,117,76,30,27,17,21,7,13,15,7,20,27,3,14,3,16,77,1.86,7.7,168.8,0.13,103.9,4.0,92.9,0.0,16.5,92.9,25.97,5.1,6.2,2026-2027
BAY,FEN,2_7,Regular Season,Nicolo  Melli,18.0,11,1,1,100.0,3,4,75.0,0,0,,0,3,3,1,0,0,0,0,1,1,14,H,W,100,37,30,11,23,15,9,25,9,21,30,7,11,3,19,117,76,30,27,17,21,7,13,15,7,20,27,3,14,3,16,77,2.2,4.8,229.2,0.08,20.8,inf,110.0,0.0,10.3,110.0,0.0,2.7,0.0,2026-2027
BAY,FEN,2_7,Regular Season,Sertac  Sanli,14.0,10,2,3,66.7,2,4,50.0,0,0,,0,1,1,1,0,0,0,1,2,0,6,H,W,100,37,30,11,23,15,9,25,9,21,30,7,11,3,19,117,76,30,27,17,21,7,13,15,7,20,27,3,14,3,16,77,1.43,6.7,149.3,0.05,14.9,inf,71.4,0.0,6.9,71.4,0.0,4.8,0.0,2026-2027
BAY,FEN,2_7,Regular Season,Talen  Horton Tucker,19.0,19,5,9,55.6,2,5,40.0,3,3,100.0,2,3,5,4,0,0,1,0,0,3,25,H,W,100,37,30,11,23,15,9,25,9,21,30,7,11,3,19,117,76,30,27,17,21,7,13,15,7,20,27,3,14,3,16,77,1.12,12.8,148.4,0.13,31.2,inf,57.1,0.21,17.8,62.0,0.0,7.8,12.5,2026-2027
BAY,FEN,2_7,Regular Season,Johnny  Juzang,13.0,8,3,3,100.0,0,2,0.0,2,2,100.0,0,1,1,0,0,1,0,0,2,2,6,H,W,100,37,30,11,23,15,9,25,9,21,30,7,11,3,19,117,76,30,27,17,21,7,13,15,7,20,27,3,14,3,16,77,1.14,6.6,121.2,0.03,0.0,0.0,60.0,0.4,4.2,68.0,15.15,5.1,0.0,2026-2027
BAY,FEN,2_7,Regular Season,Trent  Forrest,19.0,4,0,1,0.0,1,1,100.0,1,2,50.0,1,1,2,3,0,0,0,0,0,1,8,H,W,100,37,30,11,23,15,9,25,9,21,30,7,11,3,19,117,76,30,27,17,21,7,13,15,7,20,27,3,14,3,16,77,1.0,1.8,222.2,0.04,166.7,inf,75.0,1.0,5.7,69.4,0.0,1.5,6.2,2026-2027
BAY,FEN,2_7,Regular Season,Braxton  Key,21.0,2,1,3,33.3,0,0,,0,0,,4,1,5,1,0,2,0,1,3,0,0,H,W,100,37,30,11,23,15,9,25,9,21,30,7,11,3,19,117,76,30,27,17,21,7,13,15,7,20,27,3,14,3,16,77,0.67,1.0,200.0,-0.01,100.0,0.5,33.3,0.0,0.9,33.3,200.0,2.3,25.0,2026-2027
BAY,FEN,2_7,Regular Season,Will  Clyburn,18.0,7,1,2,50.0,1,4,25.0,2,2,100.0,0,1,1,2,1,1,0,0,2,3,7,H,W,100,37,30,11,23,15,9,25,9,21,30,7,11,3,19,117,76,30,27,17,21,7,13,15,7,20,27,3,14,3,16,77,0.88,7.6,92.1,0.03,26.3,2.0,41.7,0.33,4.5,50.9,13.16,4.2,0.0,2026-2027
BAY,FEN,2_7,Regular Season,Chris  Silva,9.0,2,1,3,33.3,0,0,,0,0,,0,0,0,0,0,2,1,0,3,1,-3,H,W,100,37,30,11,23,15,9,25,9,21,30,7,11,3,19,117,76,30,27,17,21,7,13,15,7,20,27,3,14,3,16,77,0.67,4.8,41.7,-0.03,0.0,0.0,33.3,0.0,-2.2,33.3,41.67,5.4,0.0,2026-2027
BAY,FEN,2_7,Regular Season,Shavon  Shields,18.0,3,1,2,50.0,0,1,0.0,1,1,100.0,0,3,3,0,1,1,0,1,1,1,3,H,W,100,37,30,11,23,15,9,25,9,21,30,7,11,3,19,117,76,30,27,17,21,7,13,15,7,20,27,3,14,3,16,77,0.75,4.3,69.8,0.02,0.0,0.0,33.3,0.33,1.8,43.6,23.26,2.4,0.0,2026-2027
BAY,FEN,2_7,Regular Season,Ignas  Sargiunas,17.0,9,3,4,75.0,1,1,100.0,0,0,,1,1,2,5,1,1,0,0,1,0,14,H,W,100,37,30,11,23,15,9,25,9,21,30,7,11,3,19,117,76,30,27,17,21,7,13,15,7,20,27,3,14,3,16,77,1.8,4.8,187.5,0.09,104.2,5.0,90.0,0.0,11.2,90.0,20.83,3.4,6.2,2026-2027
FEN,BAY,2_7,Regular Season,Miles  Norris,13.0,3,0,1,0.0,1,3,33.3,0,0,,0,1,1,1,0,0,0,0,0,0,2,A,L,76,30,27,17,21,7,13,15,7,20,27,3,14,3,16,77,100,37,30,11,23,15,9,25,9,21,30,7,11,3,19,117,0.75,3.8,78.9,0.01,26.3,inf,37.5,0.0,1.6,37.5,0.0,3.1,0.0,2026-2027
FEN,BAY,2_7,Regular Season,Oscar  Da Silva,17.0,4,2,2,100.0,0,3,0.0,0,0,,0,2,2,1,0,0,1,0,2,1,4,A,L,76,30,27,17,21,7,13,15,7,20,27,3,14,3,16,77,100,37,30,11,23,15,9,25,9,21,30,7,11,3,19,117,0.8,4.8,83.3,0.02,20.8,inf,40.0,0.0,2.5,40.0,0.0,3.0,0.0,2026-2027
FEN,BAY,2_7,Regular Season,Marjon  Beauchamp,21.0,7,3,4,75.0,0,3,0.0,1,1,100.0,0,2,2,3,1,1,0,0,1,2,9,A,L,76,30,27,17,21,7,13,15,7,20,27,3,14,3,16,77,100,37,30,11,23,15,9,25,9,21,30,7,11,3,19,117,0.88,8.1,86.4,0.05,37.0,3.0,42.9,0.14,5.6,47.0,12.35,4.1,0.0,2026-2027
FEN,BAY,2_7,Regular Season,Duane  Washington,18.0,20,5,6,83.3,3,6,50.0,1,2,50.0,0,0,0,2,2,2,0,1,2,2,16,A,L,76,30,27,17,21,7,13,15,7,20,27,3,14,3,16,77,100,37,30,11,23,15,9,25,9,21,30,7,11,3,19,117,1.43,14.3,139.9,0.1,14.0,1.0,79.2,0.17,15.0,77.6,13.99,8.4,0.0,2026-2027
FEN,BAY,2_7,Regular Season,Johannes  Voigtmann,15.0,1,0,0,,0,0,,1,2,50.0,1,4,5,2,0,0,0,0,0,1,8,A,L,76,30,27,17,21,7,13,15,7,20,27,3,14,3,16,77,100,37,30,11,23,15,9,25,9,21,30,7,11,3,19,117,0.5,-0.1,-1000.0,0.04,-2000.0,inf,,inf,3.9,56.8,-0.0,0.6,6.2,2026-2027
FEN,BAY,2_7,Regular Season,Justinian  Jessup,12.0,4,1,2,50.0,0,2,0.0,2,2,100.0,2,0,2,2,0,3,0,0,2,1,1,A,L,76,30,27,17,21,7,13,15,7,20,27,3,14,3,16,77,100,37,30,11,23,15,9,25,9,21,30,7,11,3,19,117,0.67,5.6,71.4,-0.01,35.7,0.7,25.0,0.5,0.6,41.0,53.57,6.7,12.5,2026-2027
FEN,BAY,2_7,Regular Season,Vladimir  Lucic,19.0,2,1,1,100.0,0,1,0.0,0,0,,1,1,2,0,0,1,0,0,1,1,2,A,L,76,30,27,17,21,7,13,15,7,20,27,3,14,3,16,77,100,37,30,11,23,15,9,25,9,21,30,7,11,3,19,117,1.0,1.9,105.3,0.0,0.0,0.0,50.0,0.0,0.6,50.0,52.63,1.6,6.2,2026-2027
FEN,BAY,2_7,Regular Season,Andreas  Obst,22.0,8,0,0,,2,3,66.7,2,2,100.0,0,0,0,0,0,1,0,1,2,2,5,A,L,76,30,27,17,21,7,13,15,7,20,27,3,14,3,16,77,100,37,30,11,23,15,9,25,9,21,30,7,11,3,19,117,1.6,4.7,170.2,0.03,0.0,0.0,100.0,0.67,4.9,103.1,21.28,2.3,0.0,2026-2027
FEN,BAY,2_7,Regular Season,Justus  Hollatz,11.0,2,1,1,100.0,0,0,,0,0,,1,1,2,0,0,2,0,0,3,1,0,A,L,76,30,27,17,21,7,13,15,7,20,27,3,14,3,16,77,100,37,30,11,23,15,9,25,9,21,30,7,11,3,19,117,2.0,1.9,105.3,-0.01,0.0,0.0,100.0,0.0,-0.5,100.0,105.26,2.8,6.2,2026-2027
FEN,BAY,2_7,Regular Season,Rokas  Jokubaitis,19.0,12,2,3,66.7,1,4,25.0,5,7,71.4,0,1,1,3,0,0,0,1,1,5,13,A,L,76,30,27,17,21,7,13,15,7,20,27,3,14,3,16,77,100,37,30,11,23,15,9,25,9,21,30,7,11,3,19,117,0.86,9.7,123.7,0.06,30.9,inf,50.0,1.0,9.5,59.5,0.0,5.4,0.0,2026-2027
FEN,BAY,2_7,Regular Season,Johannes  Thiemann,17.0,5,2,4,50.0,0,2,0.0,1,1,100.0,2,3,5,1,0,0,0,0,0,3,10,A,L,76,30,27,17,21,7,13,15,7,20,27,3,14,3,16,77,100,37,30,11,23,15,9,25,9,21,30,7,11,3,19,117,0.71,4.3,116.3,0.04,23.3,inf,33.3,0.17,4.6,38.8,0.0,3.9,12.5,2026-2027
FEN,BAY,2_7,Regular Season,Austin  Wiley,17.0,8,4,6,66.7,0,0,,0,0,,0,5,5,0,0,4,2,0,2,0,7,A,L,76,30,27,17,21,7,13,15,7,20,27,3,14,3,16,77,100,37,30,11,23,15,9,25,9,21,30,7,11,3,19,117,1.33,9.6,83.3,0.04,0.0,0.0,66.7,0.0,3.5,66.7,41.67,6.0,0.0,2026-2027
PAR,PRB,2_8,Regular Season,Tj  Warren,18.0,14,4,5,80.0,2,4,50.0,0,0,,0,3,3,0,2,0,1,0,2,0,15,H,L,79,30,30,13,18,11,10,22,10,20,30,10,21,4,25,84,92,42,19,24,25,8,18,22,7,18,25,14,13,2,21,108,1.56,8.6,162.8,0.1,0.0,,77.8,0.0,12.9,77.8,0.0,4.6,0.0,2026-2027
PAR,PRB,2_8,Regular Season,Nadir  Hifi,26.0,19,4,10,40.0,1,5,20.0,8,10,80.0,1,1,2,4,1,7,0,1,3,11,14,H,L,79,30,30,13,18,11,10,22,10,20,30,10,21,4,25,84,92,42,19,24,25,8,18,22,7,18,25,14,13,2,21,108,0.76,24.4,77.9,0.02,16.4,0.6,36.7,0.67,6.3,49.0,28.69,9.4,5.9,2026-2027
PAR,PRB,2_8,Regular Season,Terry  Tarpey,13.0,0,0,0,,0,0,,0,0,,0,2,2,3,2,0,0,0,0,1,8,H,L,79,30,30,13,18,11,10,22,10,20,30,10,21,4,25,84,92,42,19,24,25,8,18,22,7,18,25,14,13,2,21,108,,0.0,,0.05,inf,inf,,,4.7,,,0.0,0.0,2026-2027
PAR,PRB,2_8,Regular Season,Leo  Cavaliere,14.0,4,2,2,100.0,0,1,0.0,0,0,,2,1,3,2,0,0,0,0,3,1,6,H,L,79,30,30,13,18,11,10,22,10,20,30,10,21,4,25,84,92,42,19,24,25,8,18,22,7,18,25,14,13,2,21,108,1.33,1.0,400.0,0.03,200.0,inf,66.7,0.0,4.6,66.7,0.0,2.0,11.8,2026-2027
PAR,PRB,2_8,Regular Season,Frank  Ntilikina,10.0,3,0,1,0.0,1,3,33.3,0,0,,0,2,2,0,1,1,0,0,3,0,-1,H,L,79,30,30,13,18,11,10,22,10,20,30,10,21,4,25,84,92,42,19,24,25,8,18,22,7,18,25,14,13,2,21,108,0.75,4.8,62.5,-0.01,0.0,0.0,37.5,0.0,0.0,37.5,20.83,4.6,0.0,2026-2027
PAR,PRB,2_8,Regular Season,Sebastian  Herrera,20.0,9,0,1,0.0,3,5,60.0,0,0,,0,1,1,2,0,0,0,0,1,0,8,H,L,79,30,30,13,18,11,10,22,10,20,30,10,21,4,25,84,92,42,19,24,25,8,18,22,7,18,25,14,13,2,21,108,1.5,5.8,155.2,0.06,34.5,inf,75.0,0.0,7.3,75.0,0.0,2.8,0.0,2026-2027
PAR,PRB,2_8,Regular Season,Jared  Rhoden,18.0,14,5,6,83.3,1,5,20.0,1,1,100.0,4,5,9,1,0,4,0,0,2,3,16,H,L,79,30,30,13,18,11,10,22,10,20,30,10,21,4,25,84,92,42,19,24,25,8,18,22,7,18,25,14,13,2,21,108,1.17,11.0,127.3,0.08,9.1,0.2,59.1,0.09,8.9,61.2,36.36,7.9,23.5,2026-2027
PAR,PRB,2_8,Regular Season,Tyson  Etienne,18.0,7,2,3,66.7,1,2,50.0,0,0,,0,2,2,2,1,4,0,0,2,2,6,H,L,79,30,30,13,18,11,10,22,10,20,30,10,21,4,25,84,92,42,19,24,25,8,18,22,7,18,25,14,13,2,21,108,1.4,8.6,81.4,0.03,23.3,0.5,70.0,0.0,2.9,70.0,46.51,4.6,0.0,2026-2027
PAR,PRB,2_8,Regular Season,Allan  Dokossi,20.0,0,0,0,,0,0,,0,0,,1,0,1,4,1,3,0,0,4,0,-1,H,L,79,30,30,13,18,11,10,22,10,20,30,10,21,4,25,84,92,42,19,24,25,8,18,22,7,18,25,14,13,2,21,108,,1.9,0.0,-0.01,210.5,1.3,,,-0.1,,157.89,1.4,5.9,2026-2027
PAR,PRB,2_8,Regular Season,Mouhamed  Faye,19.0,3,1,2,50.0,0,0,,1,2,50.0,1,2,3,1,0,1,3,1,1,2,7,H,L,79,30,30,13,18,11,10,22,10,20,30,10,21,4,25,84,92,42,19,24,25,8,18,22,7,18,25,14,13,2,21,108,0.75,2.8,107.1,0.03,35.7,1.0,50.0,1.0,4.3,52.1,35.71,1.9,5.9,2026-2027
PAR,PRB,2_8,Regular Season,Jeremy  Morgan,14.0,6,0,0,,2,4,50.0,0,0,,1,1,2,2,2,0,0,0,3,0,7,H,L,79,30,30,13,18,11,10,22,10,20,30,10,21,4,25,84,92,42,19,24,25,8,18,22,7,18,25,14,13,2,21,108,1.5,2.9,206.9,0.05,69.0,inf,75.0,0.0,7.2,75.0,0.0,2.6,5.9,2026-2027
PAR,PRB,2_8,Regular Season,Daulton  Hommes,8.0,0,0,0,,0,1,0.0,0,0,,0,0,0,1,0,1,0,0,1,1,-1,H,L,79,30,30,13,18,11,10,22,10,20,30,10,21,4,25,84,92,42,19,24,25,8,18,22,7,18,25,14,13,2,21,108,0.0,1.9,0.0,-0.01,52.6,1.0,0.0,0.0,-1.4,0.0,52.63,2.3,0.0,2026-2027
PRB,PAR,2_8,Regular Season,Kyle  Allman,25.0,10,2,4,50.0,1,2,50.0,3,4,75.0,0,2,2,2,0,2,0,0,2,4,10,A,W,92,42,19,24,25,8,18,22,7,18,25,14,13,2,21,108,79,30,30,13,18,11,10,22,10,20,30,10,21,4,25,84,1.0,9.4,106.4,0.04,21.3,1.0,58.3,0.67,5.8,64.4,21.28,3.7,0.0,2026-2027
PRB,PAR,2_8,Regular Season,Carlik  Jones,23.0,20,6,9,66.7,0,2,0.0,8,9,88.9,1,0,1,5,3,2,0,0,0,5,26,A,W,92,42,19,24,25,8,18,22,7,18,25,14,13,2,21,108,79,30,30,13,18,11,10,22,10,20,30,10,21,4,25,84,1.0,15.3,130.7,0.15,32.7,2.5,54.5,0.82,19.5,66.8,13.07,7.0,5.9,2026-2027
PRB,PAR,2_8,Regular Season,Luca  Vildoza,20.0,16,6,7,85.7,1,2,50.0,1,1,100.0,0,0,0,2,6,2,1,0,2,2,21,A,W,92,42,19,24,25,8,18,22,7,18,25,14,13,2,21,108,79,30,30,13,18,11,10,22,10,20,30,10,21,4,25,84,1.6,11.0,145.5,0.13,18.2,1.0,83.3,0.11,17.8,84.7,18.18,5.4,0.0,2026-2027
PRB,PAR,2_8,Regular Season,Ethan  Thompson,10.0,3,0,3,0.0,1,2,50.0,0,0,,1,1,2,1,0,0,0,1,2,0,-1,A,W,92,42,19,24,25,8,18,22,7,18,25,14,13,2,21,108,79,30,30,13,18,11,10,22,10,20,30,10,21,4,25,84,0.6,3.8,78.9,-0.0,26.3,inf,30.0,0.0,0.8,30.0,0.0,4.7,5.9,2026-2027
PRB,PAR,2_8,Regular Season,Mario  Nakic,4.0,0,0,1,0.0,0,1,0.0,0,0,,0,1,1,0,0,0,0,0,1,0,-2,A,W,92,42,19,24,25,8,18,22,7,18,25,14,13,2,21,108,79,30,30,13,18,11,10,22,10,20,30,10,21,4,25,84,0.0,1.9,0.0,-0.01,0.0,,0.0,0.0,-1.5,0.0,0.0,4.7,0.0,2026-2027
PRB,PAR,2_8,Regular Season,Nikola  Tanaskovic,19.0,9,3,4,75.0,0,0,,3,4,75.0,1,1,2,1,1,0,0,1,1,3,12,A,W,92,42,19,24,25,8,18,22,7,18,25,14,13,2,21,108,79,30,30,13,18,11,10,22,10,20,30,10,21,4,25,84,1.12,4.6,195.7,0.07,21.7,inf,75.0,1.0,9.3,78.1,0.0,2.9,5.9,2026-2027
PRB,PAR,2_8,Regular Season,Lamar  Stevens,19.0,8,1,1,100.0,2,3,66.7,0,0,,0,3,3,2,0,3,1,0,1,1,10,A,W,92,42,19,24,25,8,18,22,7,18,25,14,13,2,21,108,79,30,30,13,18,11,10,22,10,20,30,10,21,4,25,84,2.0,6.7,119.4,0.06,29.9,0.7,100.0,0.0,6.0,100.0,44.78,3.5,0.0,2026-2027
PRB,PAR,2_8,Regular Season,Kevarrius  Hayes,15.0,2,0,3,0.0,0,0,,2,4,50.0,2,2,4,1,1,1,0,2,3,2,-1,A,W,92,42,19,24,25,8,18,22,7,18,25,14,13,2,21,108,79,30,30,13,18,11,10,22,10,20,30,10,21,4,25,84,0.29,3.6,55.6,-0.01,27.8,1.0,0.0,1.33,0.6,21.0,27.78,3.6,11.8,2026-2027
PRB,PAR,2_8,Regular Season,Arijan  Lakic,20.0,3,0,0,,1,4,25.0,0,0,,0,1,1,2,0,1,0,0,4,3,1,A,W,92,42,19,24,25,8,18,22,7,18,25,14,13,2,21,108,79,30,30,13,18,11,10,22,10,20,30,10,21,4,25,84,0.75,4.8,62.5,-0.01,41.7,2.0,37.5,0.0,-0.3,37.5,20.83,2.4,0.0,2026-2027
PRB,PAR,2_8,Regular Season,Tonye  Jekiri,21.0,15,7,10,70.0,0,0,,1,2,50.0,2,5,7,1,1,0,0,0,1,3,22,A,W,92,42,19,24,25,8,18,22,7,18,25,14,13,2,21,108,79,30,30,13,18,11,10,22,10,20,30,10,21,4,25,84,1.25,8.5,176.5,0.13,11.8,inf,70.0,0.2,14.6,68.9,0.0,4.9,11.8,2026-2027
PRB,PAR,2_8,Regular Season,Alessandro  Pajola,20.0,6,0,0,,2,3,66.7,0,0,,0,2,2,5,2,2,0,0,4,2,10,A,W,92,42,19,24,25,8,18,22,7,18,25,14,13,2,21,108,79,30,30,13,18,11,10,22,10,20,30,10,21,4,25,84,2.0,4.8,125.0,0.06,104.2,2.5,100.0,0.0,7.2,100.0,41.67,2.4,0.0,2026-2027
PRB,PAR,2_8,Regular Season,Bandja  Sy,3.0,0,0,0,,0,0,,0,0,,0,0,0,0,0,0,0,0,0,0,0,A,W,92,42,19,24,25,8,18,22,7,18,25,14,13,2,21,108,79,30,30,13,18,11,10,22,10,20,30,10,21,4,25,84,,0.0,,0.0,,,,,0.0,,,0.0,0.0,2026-2027
